learning evaluation instances,evaluation time (cpu seconds),model cost (RAM-Hours),classified instances,classifications correct (percent),Kappa Statistic (percent),Kappa Temporal Statistic (percent),Kappa M Statistic (percent),model training instances,model serialized size (bytes),tree size (nodes),tree size (leaves),active learning leaves,tree depth,active leaf byte size estimate,inactive leaf byte size estimate,byte size estimate overhead
1000.0,0.040552,0.0,1000.0,64.3,39.08047350000597,13.349514563106807,13.349514563106807,1000.0,0.0,1.0,1.0,1.0,0.0,0.0,0.0,1.0
2000.0,0.067943,0.0,2000.0,72.89999999999999,63.58393231717723,47.78420038535645,63.624161073825505,2000.0,0.0,1.0,1.0,1.0,0.0,0.0,0.0,1.0
3000.0,0.105769,0.0,3000.0,60.9,51.23356627308454,-0.5141388174807203,47.446236559139784,3000.0,0.0,1.0,1.0,1.0,0.0,0.0,0.0,1.0
4000.0,0.136992,0.0,4000.0,74.2,58.98648938656187,7.526881720430113,51.22873345935728,4000.0,0.0,1.0,1.0,1.0,0.0,0.0,0.0,1.0
5000.0,0.164518,0.0,5000.0,72.7,56.07104583093305,20.175438596491215,41.16379310344826,5000.0,0.0,1.0,1.0,1.0,0.0,0.0,0.0,1.0
6000.0,0.19205,0.0,6000.0,54.6,39.84205226056077,1.518438177874188,32.23880597014926,6000.0,0.0,1.0,1.0,1.0,0.0,0.0,0.0,1.0
7000.0,0.2188,0.0,7000.0,56.49999999999999,48.32458811132903,10.677618069815182,42.3076923076923,7000.0,0.0,1.0,1.0,1.0,0.0,0.0,0.0,1.0
8000.0,0.244616,0.0,8000.0,57.599999999999994,46.827588455567174,7.221006564551405,43.91534391534391,8000.0,0.0,1.0,1.0,1.0,0.0,0.0,0.0,1.0
9000.0,0.269312,0.0,9000.0,53.6,42.343058800139175,10.07751937984497,40.891719745222936,9000.0,0.0,1.0,1.0,1.0,0.0,0.0,0.0,1.0
10000.0,0.294041,0.0,10000.0,74.2,54.995185531475464,36.45320197044335,55.20833333333333,10000.0,0.0,1.0,1.0,1.0,0.0,0.0,0.0,1.0
11000.0,0.318643,0.0,11000.0,61.5,52.484739579348016,18.25902335456475,47.18792866941015,11000.0,0.0,3.0,2.0,2.0,1.0,0.0,0.0,1.0
12000.0,0.343116,0.0,12000.0,71.5,64.54994601640902,39.74630021141648,66.50998824911868,12000.0,0.0,3.0,2.0,2.0,1.0,0.0,0.0,1.0
13000.0,0.372378,0.0,13000.0,67.7,55.91202059440972,36.16600790513835,57.61154855643045,13000.0,0.0,3.0,2.0,2.0,1.0,0.0,0.0,1.0
14000.0,0.400337,0.0,14000.0,62.7,55.96383131195907,41.53605015673981,55.857988165680474,14000.0,0.0,5.0,3.0,3.0,2.0,0.0,0.0,1.0
15000.0,0.422836,0.0,15000.0,64.9,55.447750111380635,38.42105263157895,51.18219749652295,15000.0,0.0,5.0,3.0,3.0,2.0,0.0,0.0,1.0
16000.0,0.447537,0.0,16000.0,76.6,53.164217462141075,-165.909090909091,46.45308924485127,16000.0,0.0,5.0,3.0,3.0,2.0,0.0,0.0,1.0
17000.0,0.47142,0.0,17000.0,73.6,14.461512540784696,-438.7755102040812,-27.536231884057997,17000.0,0.0,5.0,3.0,3.0,2.0,0.0,0.0,1.0
18000.0,0.494476,0.0,18000.0,83.2,54.89751265151616,-459.9999999999996,22.580645161290295,18000.0,0.0,5.0,3.0,3.0,2.0,0.0,0.0,1.0
19000.0,0.515878,0.0,19000.0,84.0,62.98541162535683,-627.2727272727268,35.48387096774192,19000.0,0.0,5.0,3.0,3.0,2.0,0.0,0.0,1.0
20000.0,0.540692,0.0,20000.0,79.3,43.280678439807645,-885.7142857142846,-3.500000000000004,20000.0,0.0,7.0,4.0,4.0,3.0,0.0,0.0,1.0
21000.0,0.563457,0.0,21000.0,87.5,64.37589416505645,-380.7692307692304,35.23316062176164,21000.0,0.0,7.0,4.0,4.0,3.0,0.0,0.0,1.0
22000.0,0.585202,0.0,22000.0,85.0,57.86848225420472,-1263.6363636363626,3.8461538461538494,22000.0,0.0,7.0,4.0,4.0,3.0,0.0,0.0,1.0
23000.0,0.607189,0.0,23000.0,80.10000000000001,45.157307582071134,-1143.7499999999986,-38.1944444444444,23000.0,0.0,7.0,4.0,4.0,3.0,0.0,0.0,1.0
24000.0,0.629059,0.0,24000.0,75.7,41.28690408019775,-799.9999999999992,-5.1948051948052,24000.0,0.0,7.0,4.0,4.0,3.0,0.0,0.0,1.0
25000.0,0.651573,0.0,25000.0,79.0,44.442974681869906,-854.5454545454536,-8.808290155440424,25000.0,0.0,7.0,4.0,4.0,3.0,0.0,0.0,1.0
26000.0,0.674483,0.0,26000.0,80.0,47.330027414720746,-589.6551724137923,-9.289617486338743,26000.0,0.0,7.0,4.0,4.0,3.0,0.0,0.0,1.0
27000.0,0.696326,0.0,27000.0,81.5,49.16157824445311,-560.7142857142853,-24.161073825503372,27000.0,0.0,7.0,4.0,4.0,3.0,0.0,0.0,1.0
28000.0,0.716618,0.0,28000.0,78.3,48.39783603828548,-371.7391304347821,0.0,28000.0,0.0,7.0,4.0,4.0,3.0,0.0,0.0,1.0
29000.0,0.737233,0.0,29000.0,76.9,42.15455501577604,-579.4117647058818,-24.86486486486482,29000.0,0.0,7.0,4.0,4.0,3.0,0.0,0.0,1.0
30000.0,0.758349,0.0,30000.0,76.2,37.12652362510504,-667.7419354838703,-32.96089385474856,30000.0,0.0,7.0,4.0,4.0,3.0,0.0,0.0,1.0
31000.0,0.778793,0.0,31000.0,75.3,36.969214437367285,-502.4390243902434,-26.020408163265333,31000.0,0.0,7.0,4.0,4.0,3.0,0.0,0.0,1.0
32000.0,0.798703,0.0,32000.0,81.3,52.23413956315949,-449.99999999999966,18.34061135371176,32000.0,0.0,7.0,4.0,4.0,3.0,0.0,0.0,1.0
33000.0,0.819017,0.0,33000.0,80.7,46.275470437590464,-436.1111111111105,21.224489795918387,33000.0,0.0,7.0,4.0,4.0,3.0,0.0,0.0,1.0
34000.0,0.841644,0.0,34000.0,80.2,46.087827829572205,-382.9268292682921,22.656250000000018,34000.0,0.0,7.0,4.0,4.0,3.0,0.0,0.0,1.0
35000.0,0.862483,0.0,35000.0,84.8,57.764637887342715,-374.99999999999966,34.76394849785407,35000.0,0.0,7.0,4.0,4.0,3.0,0.0,0.0,1.0
36000.0,0.882337,0.0,36000.0,85.0,64.86790331646992,-383.87096774193515,53.124999999999986,36000.0,0.0,7.0,4.0,4.0,3.0,0.0,0.0,1.0
37000.0,0.902583,0.0,37000.0,86.4,67.34654677727224,-466.6666666666662,52.28070175438597,37000.0,0.0,7.0,4.0,4.0,3.0,0.0,0.0,1.0
38000.0,0.923871,0.0,38000.0,80.2,49.201983688192556,-942.1052631578937,27.472527472527496,38000.0,0.0,7.0,4.0,4.0,3.0,0.0,0.0,1.0
39000.0,0.944636,0.0,39000.0,84.3,63.7741351940045,-1469.9999999999989,49.999999999999986,39000.0,0.0,7.0,4.0,4.0,3.0,0.0,0.0,1.0
40000.0,0.963976,0.0,40000.0,88.0,63.698735808474524,-2899.9999999999973,40.88669950738915,40000.0,0.0,7.0,4.0,4.0,3.0,0.0,0.0,1.0
41000.0,0.981279,0.0,41000.0,90.5,76.78533028365884,-1483.3333333333314,68.95424836601308,41000.0,0.0,7.0,4.0,4.0,3.0,0.0,0.0,1.0
42000.0,1.005994,0.0,42000.0,90.10000000000001,70.8382672628621,-661.5384615384608,60.86956521739132,42000.0,0.0,7.0,4.0,4.0,3.0,0.0,0.0,1.0
43000.0,1.024298,0.0,43000.0,86.3,66.64394234514998,-813.3333333333326,60.28985507246376,43000.0,0.0,7.0,4.0,4.0,3.0,0.0,0.0,1.0
44000.0,1.044614,0.0,44000.0,90.7,78.61823198068744,-519.9999999999992,72.1556886227545,44000.0,0.0,9.0,5.0,5.0,4.0,0.0,0.0,1.0
45000.0,1.069396,0.0,45000.0,87.5,68.70336801834733,-495.23809523809473,58.05369127516779,45000.0,0.0,13.0,7.0,7.0,5.0,0.0,0.0,1.0
46000.0,1.086471,0.0,46000.0,92.0,81.56682027649771,-471.42857142857065,77.14285714285715,46000.0,0.0,13.0,7.0,7.0,5.0,0.0,0.0,1.0
47000.0,1.10321,0.0,47000.0,94.8,84.33734939759034,-420.0,76.36363636363635,47000.0,0.0,13.0,7.0,7.0,5.0,0.0,0.0,1.0
48000.0,1.120012,0.0,48000.0,95.0,87.74894150854632,-733.3333333333333,83.44370860927151,48000.0,0.0,13.0,7.0,7.0,5.0,0.0,0.0,1.0
49000.0,1.138694,0.0,49000.0,96.0,86.36459703975402,-400.0,79.6954314720812,49000.0,0.0,13.0,7.0,7.0,5.0,0.0,0.0,1.0
50000.0,1.15746,0.0,50000.0,96.3,89.29274221553419,-270.0,84.58333333333331,50000.0,0.0,13.0,7.0,7.0,5.0,0.0,0.0,1.0
51000.0,1.176004,0.0,51000.0,97.6,92.66790497604849,-100.0,88.88888888888887,51000.0,0.0,13.0,7.0,7.0,5.0,0.0,0.0,1.0
52000.0,1.198819,0.0,52000.0,97.0,91.43077494358593,-150.0,87.34177215189872,52000.0,0.0,15.0,8.0,8.0,6.0,0.0,0.0,1.0
53000.0,1.217403,0.0,53000.0,96.0,87.92584051242733,-150.0,82.37885462555064,53000.0,0.0,15.0,8.0,8.0,6.0,0.0,0.0,1.0
54000.0,1.237598,0.0,54000.0,94.5,84.96413262181785,-205.55555555555554,79.40074906367039,54000.0,0.0,15.0,8.0,8.0,6.0,0.0,0.0,1.0
55000.0,1.255968,0.0,55000.0,92.2,79.55760561903764,-224.99999999999955,73.10344827586208,55000.0,0.0,15.0,8.0,8.0,6.0,0.0,0.0,1.0
56000.0,1.27479,0.0,56000.0,90.9,77.65489333280951,-224.9999999999996,70.92651757188499,56000.0,0.0,15.0,8.0,8.0,6.0,0.0,0.0,1.0
57000.0,1.297758,0.0,57000.0,89.1,75.71084766913272,-220.5882352941173,69.72222222222223,57000.0,0.0,17.0,9.0,9.0,7.0,0.0,0.0,1.0
58000.0,1.317967,0.0,58000.0,88.2,73.6995778559361,-218.91891891891865,67.8474114441417,58000.0,0.0,19.0,10.0,10.0,7.0,0.0,0.0,1.0
59000.0,1.335359,0.0,59000.0,85.8,69.24063355630264,-254.99999999999972,65.02463054187191,59000.0,0.0,19.0,10.0,10.0,7.0,0.0,0.0,1.0
60000.0,1.356959,0.0,60000.0,86.7,72.49224405377456,-303.03030303030266,68.70588235294119,60000.0,0.0,21.0,11.0,11.0,7.0,0.0,0.0,1.0
61000.0,1.37452,0.0,61000.0,87.2,72.24583253829208,-265.7142857142854,63.005780346820806,61000.0,0.0,21.0,11.0,11.0,7.0,0.0,0.0,1.0
62000.0,1.391559,0.0,62000.0,84.89999999999999,67.3502218455125,-235.5555555555553,54.79041916167664,62000.0,0.0,21.0,11.0,11.0,7.0,0.0,0.0,1.0
63000.0,1.411281,0.0,63000.0,77.10000000000001,48.44989509891317,-324.0740740740736,25.889967637540472,63000.0,0.0,23.0,12.0,12.0,7.0,0.0,0.0,1.0
64000.0,1.431116,0.0,64000.0,80.30000000000001,57.65262252794498,-293.99999999999955,44.50704225352114,64000.0,0.0,23.0,12.0,12.0,7.0,0.0,0.0,1.0
65000.0,1.449565,0.0,65000.0,85.1,68.77645619064383,-254.76190476190447,58.72576177285318,65000.0,0.0,23.0,12.0,12.0,7.0,0.0,0.0,1.0
66000.0,1.475361,0.0,66000.0,85.2,68.14038894557603,-289.473684210526,57.83475783475782,66000.0,0.0,25.0,13.0,13.0,7.0,0.0,0.0,1.0
67000.0,1.495753,0.0,67000.0,88.3,74.27214354824523,-289.99999999999966,61.63934426229509,67000.0,0.0,25.0,13.0,13.0,7.0,0.0,0.0,1.0
68000.0,1.515735,0.0,68000.0,89.0,73.15724485961239,-323.07692307692264,52.991452991452995,68000.0,0.0,27.0,14.0,14.0,7.0,0.0,0.0,1.0
69000.0,1.531926,0.0,69000.0,90.5,73.07927727777653,-295.83333333333286,56.018518518518526,69000.0,0.0,27.0,14.0,14.0,7.0,0.0,0.0,1.0
70000.0,1.551884,0.0,70000.0,97.0,90.33206146230792,-87.5,84.04255319148935,70000.0,0.0,29.0,15.0,15.0,7.0,0.0,0.0,1.0
71000.0,1.567448,0.0,71000.0,91.9,78.0302044004687,-237.49999999999955,69.77611940298509,71000.0,0.0,29.0,15.0,15.0,7.0,0.0,0.0,1.0
72000.0,1.583557,0.0,72000.0,80.4,53.83608040058977,-476.47058823529346,44.63276836158193,72000.0,0.0,29.0,15.0,15.0,7.0,0.0,0.0,1.0
73000.0,1.603852,0.0,73000.0,84.1,66.52878208974074,-341.66666666666634,53.644314868804656,73000.0,0.0,31.0,16.0,16.0,7.0,0.0,0.0,1.0
74000.0,1.623193,0.0,74000.0,80.30000000000001,59.02986036877286,-392.49999999999943,29.642857142857164,74000.0,0.0,31.0,16.0,16.0,7.0,0.0,0.0,1.0
75000.0,1.641144,0.0,75000.0,81.69999999999999,59.95614870054419,-408.33333333333303,39.40397350993376,75000.0,0.0,31.0,16.0,16.0,7.0,0.0,0.0,1.0
76000.0,1.658313,0.0,76000.0,85.7,57.030346191175894,-266.6666666666664,31.904761904761887,76000.0,0.0,31.0,16.0,16.0,7.0,0.0,0.0,1.0
77000.0,1.675472,0.0,77000.0,82.8,46.89063175446178,-258.3333333333331,8.510638297872292,77000.0,0.0,31.0,16.0,16.0,7.0,0.0,0.0,1.0
78000.0,1.6924,0.0,78000.0,83.3,41.71233115772573,-475.8620689655168,7.734806629834259,78000.0,0.0,31.0,16.0,16.0,7.0,0.0,0.0,1.0
79000.0,1.709349,0.0,79000.0,83.5,44.59815192865583,-415.62499999999966,21.052631578947338,79000.0,0.0,31.0,16.0,16.0,7.0,0.0,0.0,1.0
80000.0,1.725978,0.0,80000.0,88.7,59.65438446158241,-334.6153846153842,42.346938775510196,80000.0,0.0,31.0,16.0,16.0,7.0,0.0,0.0,1.0
81000.0,1.74359,0.0,81000.0,87.7,60.532395523154314,-309.9999999999996,41.98113207547169,81000.0,0.0,31.0,16.0,16.0,7.0,0.0,0.0,1.0
82000.0,1.760943,0.0,82000.0,88.0,64.47076239822354,-499.9999999999995,46.666666666666664,82000.0,0.0,31.0,16.0,16.0,7.0,0.0,0.0,1.0
83000.0,1.7779,0.0,83000.0,89.0,68.59816499095056,-399.9999999999995,47.867298578199055,83000.0,0.0,31.0,16.0,16.0,7.0,0.0,0.0,1.0
84000.0,1.794428,0.0,84000.0,87.4,57.187999048622196,-472.72727272727224,23.63636363636365,84000.0,0.0,31.0,16.0,16.0,7.0,0.0,0.0,1.0
85000.0,1.811477,0.0,85000.0,83.39999999999999,42.89095612924531,-314.9999999999997,19.417475728155306,85000.0,0.0,31.0,16.0,16.0,7.0,0.0,0.0,1.0
86000.0,1.828958,0.0,86000.0,79.7,33.85036496350367,-361.36363636363586,10.964912280701764,86000.0,0.0,31.0,16.0,16.0,7.0,0.0,0.0,1.0
87000.0,1.858165,0.0,87000.0,86.3,58.96876834425504,-389.2857142857139,42.43697478991596,87000.0,0.0,37.0,19.0,19.0,8.0,0.0,0.0,1.0
88000.0,1.878444,0.0,88000.0,78.5,33.972925828563,-367.3913043478256,0.46296296296296346,88000.0,0.0,37.0,19.0,19.0,8.0,0.0,0.0,1.0
89000.0,1.896281,0.0,89000.0,80.10000000000001,19.62973134521255,-563.3333333333326,-25.949367088607545,89000.0,0.0,37.0,19.0,19.0,8.0,0.0,0.0,1.0
90000.0,1.914297,0.0,90000.0,80.30000000000001,18.29929828635887,-795.4545454545445,-1.5463917525773214,90000.0,0.0,37.0,19.0,19.0,8.0,0.0,0.0,1.0
91000.0,1.934481,0.0,91000.0,79.10000000000001,8.291501386597407,-553.1249999999993,-5.025125628140709,91000.0,0.0,37.0,19.0,19.0,8.0,0.0,0.0,1.0
92000.0,1.952326,0.0,92000.0,90.3,36.058009228740886,-169.44444444444414,-2.1052631578947394,92000.0,0.0,37.0,19.0,19.0,8.0,0.0,0.0,1.0
93000.0,1.969691,0.0,93000.0,92.4,47.818683657635646,-192.3076923076919,12.643678160919555,93000.0,0.0,37.0,19.0,19.0,8.0,0.0,0.0,1.0
94000.0,1.993523,0.0,94000.0,86.8,25.67232758232351,-499.9999999999995,-69.23076923076933,94000.0,0.0,39.0,20.0,20.0,9.0,0.0,0.0,1.0
95000.0,2.011444,0.0,95000.0,87.3,14.235548352241958,-388.461538461538,-67.10526315789484,95000.0,0.0,39.0,20.0,20.0,9.0,0.0,0.0,1.0
96000.0,2.029313,0.0,96000.0,88.3,41.87086388839204,-265.62499999999966,-7.339449541284411,96000.0,0.0,39.0,20.0,20.0,9.0,0.0,0.0,1.0
97000.0,2.047271,0.0,97000.0,87.1,49.826532041010005,-329.9999999999996,13.42281879194632,97000.0,0.0,39.0,20.0,20.0,9.0,0.0,0.0,1.0
98000.0,2.069532,0.0,98000.0,90.8,64.32587537322114,-253.84615384615344,42.138364779874244,98000.0,0.0,39.0,20.0,20.0,9.0,0.0,0.0,1.0
99000.0,2.089111,0.0,99000.0,86.6,57.70041794512417,-272.22222222222194,31.28205128205126,99000.0,0.0,39.0,20.0,20.0,9.0,0.0,0.0,1.0
100000.0,2.113945,0.0,100000.0,87.0,58.643507030603814,-233.33333333333303,36.27450980392155,100000.0,0.0,41.0,21.0,21.0,9.0,0.0,0.0,1.0
101000.0,2.132527,0.0,101000.0,80.5,42.480590886565835,-333.33333333333286,19.421487603305803,101000.0,0.0,41.0,21.0,21.0,9.0,0.0,0.0,1.0
102000.0,2.1541,0.0,102000.0,89.8,72.69339501413519,-277.7777777777774,62.63736263736265,102000.0,0.0,43.0,22.0,22.0,9.0,0.0,0.0,1.0
103000.0,2.179548,0.0,103000.0,86.9,63.48615261115819,-322.58064516128997,50.0,103000.0,0.0,45.0,23.0,23.0,9.0,0.0,0.0,1.0
104000.0,2.198163,0.0,104000.0,89.4,71.08604628960326,-221.21212121212088,61.172161172161175,104000.0,0.0,45.0,23.0,23.0,9.0,0.0,0.0,1.0
105000.0,2.216503,0.0,105000.0,89.0,72.68030995430162,-214.28571428571396,62.83783783783785,105000.0,0.0,45.0,23.0,23.0,9.0,0.0,0.0,1.0
106000.0,2.235042,0.0,106000.0,94.19999999999999,80.93108890057863,-107.14285714285714,70.10309278350512,106000.0,0.0,45.0,23.0,23.0,9.0,0.0,0.0,1.0
107000.0,2.253671,0.0,107000.0,92.4,75.2449447571399,-153.33333333333297,62.7450980392157,107000.0,0.0,45.0,23.0,23.0,9.0,0.0,0.0,1.0
108000.0,2.271879,0.0,108000.0,88.2,64.0475182123695,-268.74999999999966,44.07582938388625,108000.0,0.0,45.0,23.0,23.0,9.0,0.0,0.0,1.0
109000.0,2.289464,0.0,109000.0,90.9,68.73282023089611,-279.16666666666623,51.59574468085106,109000.0,0.0,45.0,23.0,23.0,9.0,0.0,0.0,1.0
110000.0,2.311849,0.0,110000.0,93.2,73.45978962980311,-183.3333333333329,57.763975155279546,110000.0,0.0,49.0,25.0,25.0,10.0,0.0,0.0,1.0
111000.0,2.331193,0.0,111000.0,95.19999999999999,80.26478085683742,-118.18181818181819,66.19718309859152,111000.0,0.0,49.0,25.0,25.0,10.0,0.0,0.0,1.0
112000.0,2.353256,0.0,112000.0,94.0,70.30687841161593,-130.76923076923077,55.555555555555515,112000.0,0.0,49.0,25.0,25.0,10.0,0.0,0.0,1.0
113000.0,2.376098,0.0,113000.0,94.39999999999999,75.11597731999073,-86.66666666666667,61.90476190476188,113000.0,0.0,51.0,26.0,26.0,10.0,0.0,0.0,1.0
114000.0,2.394285,0.0,114000.0,94.19999999999999,72.42808722231992,-93.33333333333333,57.664233576642296,114000.0,0.0,51.0,26.0,26.0,10.0,0.0,0.0,1.0
115000.0,2.416518,0.0,115000.0,93.2,63.97847183964065,-142.85714285714246,50.00000000000004,115000.0,0.0,53.0,27.0,27.0,10.0,0.0,0.0,1.0
116000.0,2.441613,0.0,116000.0,92.7,70.69214710133294,-264.99999999999943,54.37500000000004,116000.0,0.0,57.0,29.0,29.0,10.0,0.0,0.0,1.0
117000.0,2.462758,0.0,117000.0,86.8,57.62412599759868,-312.49999999999966,43.34763948497854,117000.0,0.0,59.0,30.0,30.0,10.0,0.0,0.0,1.0
118000.0,2.482123,0.0,118000.0,85.39999999999999,30.54234062797333,-305.55555555555526,2.6666666666666687,118000.0,0.0,59.0,30.0,30.0,10.0,0.0,0.0,1.0
119000.0,2.505498,0.0,119000.0,90.8,59.526637631428436,-187.49999999999966,44.24242424242427,119000.0,0.0,61.0,31.0,31.0,10.0,0.0,0.0,1.0
120000.0,2.52577,0.0,120000.0,84.1,48.9619043950541,-217.9999999999998,35.36585365853657,120000.0,0.0,61.0,31.0,31.0,10.0,0.0,0.0,1.0
121000.0,2.544198,0.0,121000.0,78.5,36.906480731532696,-338.7755102040812,16.666666666666682,121000.0,0.0,61.0,31.0,31.0,10.0,0.0,0.0,1.0
122000.0,2.562757,0.0,122000.0,80.60000000000001,52.749308288843,-424.32432432432375,42.60355029585799,122000.0,0.0,61.0,31.0,31.0,10.0,0.0,0.0,1.0
123000.0,2.581233,0.0,123000.0,82.8,53.57574710658143,-282.222222222222,36.764705882352935,123000.0,0.0,61.0,31.0,31.0,10.0,0.0,0.0,1.0
124000.0,2.602117,0.0,124000.0,83.1,54.99813601746818,-312.1951219512193,31.300813008130064,124000.0,0.0,63.0,32.0,32.0,10.0,0.0,0.0,1.0
125000.0,2.623196,0.0,125000.0,86.5,60.237983034872755,-206.81818181818156,40.78947368421052,125000.0,0.0,63.0,32.0,32.0,10.0,0.0,0.0,1.0
126000.0,2.646841,0.0,126000.0,83.89999999999999,58.00905543847935,-209.61538461538441,39.01515151515151,126000.0,0.0,65.0,33.0,33.0,11.0,0.0,0.0,1.0
127000.0,2.666369,0.0,127000.0,84.5,57.85844788585348,-209.99999999999977,39.68871595330739,127000.0,0.0,65.0,33.0,33.0,11.0,0.0,0.0,1.0
128000.0,2.686038,0.0,128000.0,83.8,58.3489738935482,-285.71428571428544,41.516245487364614,128000.0,0.0,65.0,33.0,33.0,11.0,0.0,0.0,1.0
129000.0,2.705547,0.0,129000.0,82.69999999999999,50.789081434114244,-332.4999999999997,22.072072072072043,129000.0,0.0,65.0,33.0,33.0,11.0,0.0,0.0,1.0
130000.0,2.725782,0.0,130000.0,85.1,54.300646538504,-325.7142857142854,19.892473118279582,130000.0,0.0,65.0,33.0,33.0,11.0,0.0,0.0,1.0
131000.0,2.75068,0.0,131000.0,90.7,64.10375173691526,-304.34782608695605,22.50000000000002,131000.0,0.0,67.0,34.0,34.0,11.0,0.0,0.0,1.0
132000.0,2.77466,0.0,132000.0,93.60000000000001,73.10743579400297,-166.6666666666662,51.51515151515156,132000.0,0.0,69.0,35.0,35.0,11.0,0.0,0.0,1.0
133000.0,2.799366,0.0,133000.0,94.0,79.8576608030079,-172.72727272727272,68.42105263157892,133000.0,0.0,71.0,36.0,36.0,11.0,0.0,0.0,1.0
134000.0,2.820109,0.0,134000.0,95.6,84.57352817434717,-91.30434782608695,76.34408602150536,134000.0,0.0,71.0,36.0,36.0,11.0,0.0,0.0,1.0
135000.0,2.83972,0.0,135000.0,96.2,83.82813563938443,-52.0,73.6111111111111,135000.0,0.0,71.0,36.0,36.0,11.0,0.0,0.0,1.0
136000.0,2.861307,0.0,136000.0,96.3,86.8091280833663,-37.03703703703704,77.97619047619047,136000.0,0.0,71.0,36.0,36.0,11.0,0.0,0.0,1.0
137000.0,2.881673,0.0,137000.0,93.89999999999999,80.34173160340569,-110.34482758620689,69.03553299492383,137000.0,0.0,71.0,36.0,36.0,11.0,0.0,0.0,1.0
138000.0,2.902079,0.0,138000.0,93.2,77.94291756814181,-142.85714285714246,63.0434782608696,138000.0,0.0,71.0,36.0,36.0,11.0,0.0,0.0,1.0
139000.0,2.92256,0.0,139000.0,91.2,70.18141895784062,-174.99999999999966,50.000000000000036,139000.0,0.0,71.0,36.0,36.0,11.0,0.0,0.0,1.0
140000.0,2.947971,0.0,140000.0,91.5,67.5183234869271,-149.99999999999966,46.875000000000036,140000.0,0.0,73.0,37.0,37.0,11.0,0.0,0.0,1.0
141000.0,2.971994,0.0,141000.0,92.2,73.2731178963888,-69.5652173913041,59.58549222797929,141000.0,0.0,75.0,38.0,38.0,11.0,0.0,0.0,1.0
142000.0,2.998856,0.0,142000.0,92.60000000000001,76.04534551351982,-72.09302325581369,64.42307692307693,142000.0,0.0,75.0,38.0,38.0,11.0,0.0,0.0,1.0
143000.0,3.032058,0.0,143000.0,93.89999999999999,81.3967673071058,-110.34482758620689,71.88940092165895,143000.0,0.0,79.0,40.0,40.0,11.0,0.0,0.0,1.0
144000.0,3.055077,0.0,144000.0,93.60000000000001,82.68145237670007,-113.33333333333296,75.00000000000003,144000.0,0.0,79.0,40.0,40.0,11.0,0.0,0.0,1.0
145000.0,3.077849,0.0,145000.0,94.3,85.49182706257858,-147.82608695652172,78.88888888888887,145000.0,0.0,79.0,40.0,40.0,11.0,0.0,0.0,1.0
146000.0,3.100832,0.0,146000.0,91.4,78.4012396683837,-186.6666666666663,71.23745819397995,146000.0,0.0,79.0,40.0,40.0,11.0,0.0,0.0,1.0
147000.0,3.12886,0.0,147000.0,88.0,73.27870312639175,-299.99999999999966,67.21311475409836,147000.0,0.0,81.0,41.0,41.0,11.0,0.0,0.0,1.0
148000.0,3.157124,0.0,148000.0,89.2,76.90452158144151,-369.56521739130386,72.02072538860104,148000.0,0.0,83.0,42.0,42.0,11.0,0.0,0.0,1.0
149000.0,3.181584,0.0,149000.0,87.7,74.59769355318375,-514.9999999999994,72.29729729729729,149000.0,0.0,83.0,42.0,42.0,11.0,0.0,0.0,1.0
150000.0,3.206017,0.0,150000.0,87.7,75.17378351539226,-373.07692307692264,58.163265306122454,150000.0,0.0,83.0,42.0,42.0,11.0,0.0,0.0,1.0
151000.0,3.234811,0.0,151000.0,91.5,83.00910711858445,-254.1666666666662,75.36231884057972,151000.0,0.0,87.0,44.0,44.0,11.0,0.0,0.0,1.0
152000.0,3.259829,0.0,152000.0,91.4,81.40974648082178,-132.43243243243214,80.71748878923768,152000.0,0.0,87.0,44.0,44.0,11.0,0.0,0.0,1.0
153000.0,3.28542,0.0,153000.0,91.5,79.37213636716628,-203.57142857142816,68.63468634686349,153000.0,0.0,89.0,45.0,45.0,11.0,0.0,0.0,1.0
154000.0,3.308889,0.0,154000.0,87.8,72.12384325374157,-306.6666666666663,57.19298245614035,154000.0,0.0,89.0,45.0,45.0,11.0,0.0,0.0,1.0
155000.0,3.33196,0.0,155000.0,89.0,75.39645261580442,-292.8571428571425,65.07936507936508,155000.0,0.0,89.0,45.0,45.0,11.0,0.0,0.0,1.0
156000.0,3.355715,0.0,156000.0,91.0,80.70325900514581,-259.99999999999955,75.00000000000001,156000.0,0.0,89.0,45.0,45.0,11.0,0.0,0.0,1.0
157000.0,3.378297,0.0,157000.0,92.0,82.8016166480351,-149.99999999999966,78.37837837837839,157000.0,0.0,89.0,45.0,45.0,11.0,0.0,0.0,1.0
158000.0,3.401127,0.0,158000.0,94.19999999999999,87.27087576374744,-114.81481481481481,83.23699421965316,158000.0,0.0,89.0,45.0,45.0,11.0,0.0,0.0,1.0
159000.0,3.426991,0.0,159000.0,93.30000000000001,86.15816874638462,-67.49999999999973,83.03797468354432,159000.0,0.0,91.0,46.0,46.0,11.0,0.0,0.0,1.0
160000.0,3.451776,0.0,160000.0,85.0,68.249936499873,-212.49999999999977,61.92893401015228,160000.0,0.0,91.0,46.0,46.0,11.0,0.0,0.0,1.0
161000.0,3.477248,0.0,161000.0,79.0,53.82971519530031,-288.88888888888846,45.16971279373369,161000.0,0.0,93.0,47.0,47.0,11.0,0.0,0.0,1.0
162000.0,3.500253,0.0,162000.0,87.5,73.41443702411843,-160.41666666666643,68.35443037974683,162000.0,0.0,93.0,47.0,47.0,11.0,0.0,0.0,1.0
163000.0,3.528804,0.0,163000.0,82.89999999999999,63.55374437320965,-222.64150943396203,51.96629213483145,163000.0,0.0,95.0,48.0,48.0,12.0,0.0,0.0,1.0
164000.0,3.55841,0.0,164000.0,72.89999999999999,39.75796484177018,-344.26229508196684,9.966777408637881,164000.0,0.0,97.0,49.0,49.0,12.0,0.0,0.0,1.0
165000.0,3.584243,0.0,165000.0,70.8,32.332220986281044,-508.33333333333286,-2.0979020979020992,165000.0,0.0,97.0,49.0,49.0,12.0,0.0,0.0,1.0
166000.0,3.618222,0.0,166000.0,68.7,30.25722383643203,-611.3636363636356,11.079545454545466,166000.0,0.0,101.0,51.0,51.0,12.0,0.0,0.0,1.0
167000.0,3.645639,0.0,167000.0,83.5,66.35070316833621,-283.72093023255786,61.44859813084111,167000.0,0.0,103.0,52.0,52.0,12.0,0.0,0.0,1.0
168000.0,3.678721,0.0,168000.0,88.6,75.69037210790063,-159.09090909090884,68.76712328767124,168000.0,0.0,107.0,54.0,54.0,12.0,0.0,0.0,1.0
169000.0,3.703989,0.0,169000.0,94.3,87.65260941521025,-67.64705882352942,84.25414364640883,169000.0,0.0,107.0,54.0,54.0,12.0,0.0,0.0,1.0
170000.0,3.729686,0.0,170000.0,89.2,75.29791175865145,-217.64705882352908,64.59016393442624,170000.0,0.0,107.0,54.0,54.0,12.0,0.0,0.0,1.0
171000.0,3.761184,0.0,171000.0,87.2,68.75854258601164,-228.20512820512792,56.756756756756765,171000.0,0.0,111.0,56.0,56.0,12.0,0.0,0.0,1.0
172000.0,3.788697,0.0,172000.0,86.7,63.28938179870989,-189.13043478260846,51.81159420289855,172000.0,0.0,111.0,56.0,56.0,12.0,0.0,0.0,1.0
173000.0,3.816002,0.0,173000.0,83.39999999999999,61.94214288661966,-268.88888888888863,52.571428571428555,173000.0,0.0,113.0,57.0,57.0,12.0,0.0,0.0,1.0
174000.0,3.840646,0.0,174000.0,86.6,67.41300610154983,-204.54545454545428,57.460317460317455,174000.0,0.0,113.0,57.0,57.0,12.0,0.0,0.0,1.0
175000.0,3.867252,0.0,175000.0,86.7,72.98856177292518,-155.76923076923055,67.71844660194175,175000.0,0.0,115.0,58.0,58.0,12.0,0.0,0.0,1.0
176000.0,3.900479,0.0,176000.0,85.3,70.15658656315536,-182.69230769230748,63.970588235294116,176000.0,0.0,117.0,59.0,59.0,13.0,0.0,0.0,1.0
177000.0,3.926617,0.0,177000.0,79.0,58.85289714791796,-319.99999999999955,52.054794520547944,177000.0,0.0,117.0,59.0,59.0,13.0,0.0,0.0,1.0
178000.0,3.953292,0.0,178000.0,83.39999999999999,68.74817619251122,-219.23076923076903,68.19923371647509,178000.0,0.0,117.0,59.0,59.0,13.0,0.0,0.0,1.0
179000.0,3.989238,0.0,179000.0,80.9,62.07826965725507,-267.30769230769187,53.864734299516925,179000.0,0.0,119.0,60.0,60.0,14.0,0.0,0.0,1.0
180000.0,4.017894,0.0,180000.0,82.39999999999999,64.92214110467351,-309.3023255813951,59.999999999999986,180000.0,0.0,119.0,60.0,60.0,14.0,0.0,0.0,1.0
181000.0,4.059976,0.0,181000.0,80.9,62.16653065105261,-389.74358974358915,56.78733031674209,181000.0,0.0,127.0,64.0,64.0,14.0,0.0,0.0,1.0
182000.0,4.087722,0.0,182000.0,82.5,65.36470960782954,-348.7179487179484,55.58375634517766,182000.0,0.0,127.0,64.0,64.0,14.0,0.0,0.0,1.0
183000.0,4.124672,0.0,183000.0,92.30000000000001,83.39056756803397,-174.9999999999996,77.61627906976746,183000.0,0.0,131.0,66.0,66.0,14.0,0.0,0.0,1.0
184000.0,4.155973,0.0,184000.0,93.60000000000001,86.55224871616001,-106.45161290322545,83.24607329842934,184000.0,0.0,133.0,67.0,67.0,14.0,0.0,0.0,1.0
185000.0,4.194881,0.0,185000.0,88.2,76.66083846926746,-168.18181818181793,74.00881057268722,185000.0,0.0,135.0,68.0,68.0,14.0,0.0,0.0,1.0
186000.0,4.237234,0.0,186000.0,82.69999999999999,65.68964799165443,-355.26315789473654,60.046189376443415,186000.0,0.0,141.0,71.0,71.0,14.0,0.0,0.0,1.0
187000.0,4.273653,0.0,187000.0,86.6,73.63087155873035,-262.1621621621619,67.71084337349397,187000.0,0.0,143.0,72.0,72.0,14.0,0.0,0.0,1.0
188000.0,4.304749,0.0,188000.0,84.89999999999999,67.2854270660011,-179.62962962962942,52.51572327044024,188000.0,0.0,143.0,72.0,72.0,14.0,0.0,0.0,1.0
189000.0,4.333895,0.0,189000.0,82.0,63.05267047087318,-239.62264150943375,52.38095238095237,189000.0,0.0,143.0,72.0,72.0,14.0,0.0,0.0,1.0
190000.0,4.362845,0.0,190000.0,85.2,70.79554513666896,-169.0909090909089,67.82608695652173,190000.0,0.0,143.0,72.0,72.0,14.0,0.0,0.0,1.0
191000.0,4.394351,0.0,191000.0,84.3,68.58479504079973,-175.43859649122788,58.02139037433154,191000.0,0.0,143.0,72.0,72.0,14.0,0.0,0.0,1.0
192000.0,4.430412,0.0,192000.0,83.7,67.08360763660302,-288.09523809523785,52.339181286549696,192000.0,0.0,145.0,73.0,73.0,14.0,0.0,0.0,1.0
193000.0,4.465777,0.0,193000.0,84.3,68.43783358898017,-336.1111111111108,57.336956521739125,193000.0,0.0,145.0,73.0,73.0,14.0,0.0,0.0,1.0
194000.0,4.504383,0.0,194000.0,81.89999999999999,64.15550569452174,-364.1025641025638,49.29971988795517,194000.0,0.0,147.0,74.0,74.0,14.0,0.0,0.0,1.0
195000.0,4.538685,0.0,195000.0,86.2,73.16167175557673,-375.86206896551687,68.05555555555556,195000.0,0.0,147.0,74.0,74.0,14.0,0.0,0.0,1.0
196000.0,4.575577,0.0,196000.0,89.60000000000001,79.94871498255152,-181.08108108108078,77.29257641921397,196000.0,0.0,149.0,75.0,75.0,14.0,0.0,0.0,1.0
197000.0,4.614626,0.0,197000.0,83.89999999999999,68.88251506588789,-419.35483870967704,62.903225806451616,197000.0,0.0,151.0,76.0,76.0,14.0,0.0,0.0,1.0
198000.0,4.650753,0.0,198000.0,83.5,67.9420547782853,-432.2580645161286,63.815789473684205,198000.0,0.0,153.0,77.0,77.0,14.0,0.0,0.0,1.0
199000.0,4.689146,0.0,199000.0,91.9,83.96899881449757,-169.99999999999963,83.22981366459629,199000.0,0.0,159.0,80.0,80.0,14.0,0.0,0.0,1.0
200000.0,4.728055,0.0,200000.0,94.39999999999999,88.96286397912404,-75.0,89.94614003590662,200000.0,0.0,163.0,82.0,82.0,14.0,0.0,0.0,1.0
201000.0,4.760593,0.0,201000.0,90.9,81.88081158035165,-167.64705882352908,83.11688311688313,201000.0,0.0,163.0,82.0,82.0,14.0,0.0,0.0,1.0
202000.0,4.790768,0.0,202000.0,84.89999999999999,70.54802135365975,-344.1176470588232,59.94694960212201,202000.0,0.0,163.0,82.0,82.0,14.0,0.0,0.0,1.0
203000.0,4.823425,0.0,203000.0,89.3,76.9604602740198,-160.97560975609727,66.66666666666666,203000.0,0.0,163.0,82.0,82.0,14.0,0.0,0.0,1.0
204000.0,4.856278,0.0,204000.0,89.4,75.9976812854374,-146.51162790697649,68.63905325443788,204000.0,0.0,165.0,83.0,83.0,14.0,0.0,0.0,1.0
205000.0,4.88988,0.0,205000.0,89.7,78.40870024567965,-157.49999999999972,72.45989304812835,205000.0,0.0,165.0,83.0,83.0,14.0,0.0,0.0,1.0
206000.0,4.929516,0.0,206000.0,89.8,75.93584780131505,-199.99999999999966,65.18771331058022,206000.0,0.0,169.0,85.0,85.0,14.0,0.0,0.0,1.0
207000.0,4.968544,0.0,207000.0,90.9,77.82688891758669,-193.54838709677384,67.73049645390073,207000.0,0.0,171.0,86.0,86.0,14.0,0.0,0.0,1.0
208000.0,5.017387,0.0,208000.0,88.3,71.1205236811706,-277.4193548387093,59.375000000000014,208000.0,0.0,173.0,87.0,87.0,14.0,0.0,0.0,1.0
209000.0,5.054293,0.0,209000.0,91.10000000000001,80.96342196393319,-206.89655172413754,71.38263665594857,209000.0,0.0,173.0,87.0,87.0,14.0,0.0,0.0,1.0
210000.0,5.088225,0.0,210000.0,91.0,81.35889512100148,-119.51219512195095,74.71910112359551,210000.0,0.0,173.0,87.0,87.0,14.0,0.0,0.0,1.0
211000.0,5.122068,0.0,211000.0,91.9,82.52242416134608,-113.15789473684181,74.92260061919505,211000.0,0.0,173.0,87.0,87.0,14.0,0.0,0.0,1.0
212000.0,5.157048,0.0,212000.0,90.5,83.2590269089115,-171.4285714285711,81.40900195694717,212000.0,0.0,173.0,87.0,87.0,14.0,0.0,0.0,1.0
213000.0,5.192179,0.0,213000.0,88.3,79.92660342688909,-199.99999999999972,75.625,213000.0,0.0,173.0,87.0,87.0,14.0,0.0,0.0,1.0
214000.0,5.230485,0.0,214000.0,87.6,78.82535356536647,-226.31578947368394,73.44753747323341,214000.0,0.0,175.0,88.0,88.0,14.0,0.0,0.0,1.0
215000.0,5.265848,0.0,215000.0,81.69999999999999,71.33620284570418,-357.4999999999997,67.83831282952548,215000.0,0.0,175.0,88.0,88.0,14.0,0.0,0.0,1.0
216000.0,5.301793,0.0,216000.0,85.39999999999999,77.08520693156794,-342.4242424242421,71.03174603174602,216000.0,0.0,175.0,88.0,88.0,14.0,0.0,0.0,1.0
217000.0,5.343874,0.0,217000.0,82.8,72.23262601867518,-309.5238095238093,68.72727272727272,217000.0,0.0,177.0,89.0,89.0,14.0,0.0,0.0,1.0
218000.0,5.388988,0.0,218000.0,83.5,72.31106919547713,-251.0638297872338,61.17647058823529,218000.0,0.0,179.0,90.0,90.0,14.0,0.0,0.0,1.0
219000.0,5.427432,0.0,219000.0,80.0,65.87601390893674,-524.9999999999993,53.37995337995339,219000.0,0.0,181.0,91.0,91.0,14.0,0.0,0.0,1.0
220000.0,5.466397,0.0,220000.0,83.1,71.41808575589015,-369.4444444444442,61.764705882352935,220000.0,0.0,181.0,91.0,91.0,14.0,0.0,0.0,1.0
221000.0,5.509759,0.0,221000.0,84.89999999999999,72.3390029218073,-259.5238095238093,58.4022038567493,221000.0,0.0,181.0,91.0,91.0,14.0,0.0,0.0,1.0
222000.0,5.556846,0.0,222000.0,89.7,82.60467174340033,-114.5833333333331,76.8018018018018,222000.0,0.0,183.0,92.0,92.0,14.0,0.0,0.0,1.0
223000.0,5.596801,0.0,223000.0,87.8,76.45796589106601,-159.57446808510613,64.73988439306359,223000.0,0.0,183.0,92.0,92.0,14.0,0.0,0.0,1.0
224000.0,5.636687,0.0,224000.0,86.3,77.78415604927702,-185.41666666666643,69.8237885462555,224000.0,0.0,183.0,92.0,92.0,14.0,0.0,0.0,1.0
225000.0,5.674497,0.0,225000.0,86.7,76.67174158604092,-195.55555555555532,67.79661016949152,225000.0,0.0,183.0,92.0,92.0,14.0,0.0,0.0,1.0
226000.0,5.71487,0.0,226000.0,90.4,82.62578659036491,-166.66666666666637,74.60317460317462,226000.0,0.0,183.0,92.0,92.0,14.0,0.0,0.0,1.0
227000.0,5.756315,0.0,227000.0,91.7,85.4080045006637,-144.1176470588232,77.74798927613942,227000.0,0.0,183.0,92.0,92.0,14.0,0.0,0.0,1.0
228000.0,5.799697,0.0,228000.0,89.3,82.18347358991352,-197.22222222222192,72.979797979798,228000.0,0.0,183.0,92.0,92.0,14.0,0.0,0.0,1.0
229000.0,5.839703,0.0,229000.0,86.3,77.00165353074979,-260.5263157894734,64.13612565445025,229000.0,0.0,183.0,92.0,92.0,14.0,0.0,0.0,1.0
230000.0,5.877981,0.0,230000.0,85.8,77.16549867656376,-238.09523809523782,65.53398058252428,230000.0,0.0,183.0,92.0,92.0,14.0,0.0,0.0,1.0
231000.0,5.921243,0.0,231000.0,84.39999999999999,74.75862939357606,-231.91489361702105,60.50632911392404,231000.0,0.0,185.0,93.0,93.0,14.0,0.0,0.0,1.0
232000.0,5.964451,0.0,232000.0,85.39999999999999,75.13361424401079,-239.53488372093,63.95061728395062,232000.0,0.0,185.0,93.0,93.0,14.0,0.0,0.0,1.0
233000.0,6.010799,0.0,233000.0,85.39999999999999,74.74070293509571,-191.99999999999977,66.81818181818181,233000.0,0.0,185.0,93.0,93.0,14.0,0.0,0.0,1.0
234000.0,6.052327,0.0,234000.0,83.0,71.99636282171235,-269.56521739130415,64.36058700209642,234000.0,0.0,185.0,93.0,93.0,14.0,0.0,0.0,1.0
235000.0,6.090904,0.0,235000.0,77.3,64.85692744271448,-363.2653061224485,55.490196078431374,235000.0,0.0,185.0,93.0,93.0,14.0,0.0,0.0,1.0
236000.0,6.134157,0.0,236000.0,72.8,58.63262577887009,-377.19298245614,50.27422303473492,236000.0,0.0,185.0,93.0,93.0,14.0,0.0,0.0,1.0
237000.0,6.174496,0.0,237000.0,69.19999999999999,53.22731524789523,-515.9999999999995,44.303797468354425,237000.0,0.0,185.0,93.0,93.0,14.0,0.0,0.0,1.0
238000.0,6.213237,0.0,238000.0,69.39999999999999,51.34972709740706,-524.4897959183669,39.52569169960473,238000.0,0.0,185.0,93.0,93.0,14.0,0.0,0.0,1.0
239000.0,6.252004,0.0,239000.0,67.2,48.27885267357334,-475.4385964912275,37.40458015267177,239000.0,0.0,185.0,93.0,93.0,14.0,0.0,0.0,1.0
240000.0,6.290191,0.0,240000.0,67.2,48.20052083744598,-496.36363636363575,37.99621928166353,240000.0,0.0,185.0,93.0,93.0,14.0,0.0,0.0,1.0
241000.0,6.330504,0.0,241000.0,69.69999999999999,51.01494448360374,-450.90909090909054,40.704500978473575,241000.0,0.0,185.0,93.0,93.0,14.0,0.0,0.0,1.0
242000.0,6.371739,0.0,242000.0,66.0,45.69366756218874,-365.75342465753454,33.98058252427185,242000.0,0.0,187.0,94.0,94.0,14.0,0.0,0.0,1.0
243000.0,6.410482,0.0,243000.0,66.3,44.69598381249805,-361.6438356164386,29.64509394572025,243000.0,0.0,189.0,95.0,95.0,14.0,0.0,0.0,1.0
244000.0,6.453357,0.0,244000.0,71.3,51.53566097252899,-328.35820895522426,36.50442477876105,244000.0,0.0,189.0,95.0,95.0,14.0,0.0,0.0,1.0
245000.0,6.492555,0.0,245000.0,75.7,57.690050893819446,-285.714285714286,41.30434782608696,245000.0,0.0,189.0,95.0,95.0,14.0,0.0,0.0,1.0
246000.0,6.534398,0.0,246000.0,82.6,68.21360457724094,-210.7142857142855,54.56919060052218,246000.0,0.0,189.0,95.0,95.0,14.0,0.0,0.0,1.0
247000.0,6.573569,0.0,247000.0,81.2,68.80237632963278,-317.77777777777726,57.36961451247167,247000.0,0.0,189.0,95.0,95.0,14.0,0.0,0.0,1.0
248000.0,6.612865,0.0,248000.0,79.9,66.72372747229461,-301.99999999999955,56.2091503267974,248000.0,0.0,189.0,95.0,95.0,14.0,0.0,0.0,1.0
249000.0,6.652286,0.0,249000.0,78.9,66.5115511341633,-441.0256410256404,56.13305613305614,249000.0,0.0,189.0,95.0,95.0,14.0,0.0,0.0,1.0
250000.0,6.695252,0.0,250000.0,73.7,55.401807668175884,-511.6279069767437,38.26291079812207,250000.0,0.0,189.0,95.0,95.0,14.0,0.0,0.0,1.0
251000.0,6.737033,0.0,251000.0,70.8,55.71006473611085,-579.06976744186,44.27480916030534,251000.0,0.0,189.0,95.0,95.0,14.0,0.0,0.0,1.0
252000.0,6.779601,0.0,252000.0,69.19999999999999,55.252915461425246,-651.2195121951214,48.837209302325576,252000.0,0.0,189.0,95.0,95.0,14.0,0.0,0.0,1.0
253000.0,6.820558,0.0,253000.0,71.6,53.75677365568987,-560.4651162790692,48.736462093862805,253000.0,0.0,189.0,95.0,95.0,14.0,0.0,0.0,1.0
254000.0,6.861867,0.0,254000.0,77.60000000000001,67.68986889875822,-433.33333333333275,72.17391304347827,254000.0,0.0,189.0,95.0,95.0,14.0,0.0,0.0,1.0
255000.0,6.901796,0.0,255000.0,79.10000000000001,67.2356789347363,-533.3333333333327,68.28528072837634,255000.0,0.0,189.0,95.0,95.0,14.0,0.0,0.0,1.0
256000.0,6.941664,0.0,256000.0,82.0,70.3479666118104,-318.60465116279045,71.10754414125199,256000.0,0.0,189.0,95.0,95.0,14.0,0.0,0.0,1.0
257000.0,6.984019,0.0,257000.0,79.4,69.7113164990987,-402.4390243902434,66.66666666666667,257000.0,0.0,189.0,95.0,95.0,14.0,0.0,0.0,1.0
258000.0,7.032825,0.0,258000.0,86.0,77.66728400674448,-288.8888888888886,73.33333333333333,258000.0,0.0,189.0,95.0,95.0,14.0,0.0,0.0,1.0
259000.0,7.074851,0.0,259000.0,86.5,77.66808488112804,-246.15384615384585,70.96774193548386,259000.0,0.0,189.0,95.0,95.0,14.0,0.0,0.0,1.0
260000.0,7.11839,0.0,260000.0,82.89999999999999,74.41651705565529,-235.2941176470586,70.20905923344947,260000.0,0.0,189.0,95.0,95.0,14.0,0.0,0.0,1.0
261000.0,7.160739,0.0,261000.0,83.6,76.19026878863636,-272.72727272727246,82.21258134490238,261000.0,0.0,189.0,95.0,95.0,14.0,0.0,0.0,1.0
262000.0,7.201819,0.0,262000.0,80.5,72.13911582412496,-297.95918367346894,78.68852459016395,262000.0,0.0,189.0,95.0,95.0,14.0,0.0,0.0,1.0
263000.0,7.242472,0.0,263000.0,80.60000000000001,72.10952617822876,-212.90322580645125,69.64006259780908,263000.0,0.0,189.0,95.0,95.0,14.0,0.0,0.0,1.0
264000.0,7.283022,0.0,264000.0,77.60000000000001,68.82255020404527,-187.17948717948732,66.51718983557548,264000.0,0.0,189.0,95.0,95.0,14.0,0.0,0.0,1.0
265000.0,7.323775,0.0,265000.0,75.7,67.08048617922304,-170.00000000000009,49.480249480249476,265000.0,0.0,189.0,95.0,95.0,14.0,0.0,0.0,1.0
266000.0,7.365095,0.0,266000.0,78.60000000000001,70.97923387889662,-214.70588235294136,58.68725868725869,266000.0,0.0,189.0,95.0,95.0,14.0,0.0,0.0,1.0
267000.0,7.407268,0.0,267000.0,80.5,71.75632223863735,-182.60869565217405,62.927756653992404,267000.0,0.0,191.0,96.0,96.0,14.0,0.0,0.0,1.0
268000.0,7.450232,0.0,268000.0,84.89999999999999,77.9447742990893,-196.0784313725488,71.34724857685009,268000.0,0.0,193.0,97.0,97.0,14.0,0.0,0.0,1.0
269000.0,7.496495,0.0,269000.0,81.69999999999999,74.03570303654581,-185.93750000000034,70.3883495145631,269000.0,0.0,195.0,98.0,98.0,14.0,0.0,0.0,1.0
270000.0,7.536453,0.0,270000.0,75.4,66.07687311509456,-278.46153846153874,63.28358208955225,270000.0,0.0,195.0,98.0,98.0,14.0,0.0,0.0,1.0
271000.0,7.576828,0.0,271000.0,72.89999999999999,63.08877490145657,-316.9230769230773,70.31763417305585,271000.0,0.0,195.0,98.0,98.0,14.0,0.0,0.0,1.0
272000.0,7.617096,0.0,272000.0,71.7,61.77127334079897,-405.35714285714243,69.37229437229438,272000.0,0.0,195.0,98.0,98.0,14.0,0.0,0.0,1.0
273000.0,7.660167,0.0,273000.0,70.5,60.45560504935005,-368.2539682539687,60.66666666666666,273000.0,0.0,195.0,98.0,98.0,14.0,0.0,0.0,1.0
274000.0,7.703326,0.0,274000.0,67.80000000000001,56.71821947895188,-570.8333333333327,61.620977353992856,274000.0,0.0,195.0,98.0,98.0,14.0,0.0,0.0,1.0
275000.0,7.748121,0.0,275000.0,71.0,60.665912537265655,-517.0212765957442,66.12149532710279,275000.0,0.0,195.0,98.0,98.0,14.0,0.0,0.0,1.0
276000.0,7.792913,0.0,276000.0,67.60000000000001,56.993814542461976,-671.4285714285706,62.58660508083141,276000.0,0.0,197.0,99.0,99.0,15.0,0.0,0.0,1.0
277000.0,7.839151,0.0,277000.0,69.0,58.98906727909659,-496.15384615384573,61.15288220551377,277000.0,0.0,199.0,100.0,100.0,15.0,0.0,0.0,1.0
278000.0,7.881664,0.0,278000.0,64.5,52.89046834836636,-609.9999999999993,53.042328042328045,278000.0,0.0,199.0,100.0,100.0,15.0,0.0,0.0,1.0
279000.0,7.923626,0.0,279000.0,72.5,63.036789819122205,-497.82608695652124,65.92317224287486,279000.0,0.0,199.0,100.0,100.0,15.0,0.0,0.0,1.0
280000.0,7.967129,0.0,280000.0,66.2,56.33509327883402,-604.166666666666,54.50874831763123,280000.0,0.0,201.0,101.0,101.0,15.0,0.0,0.0,1.0
281000.0,8.017124,0.0,281000.0,65.8,54.08644100107669,-734.1463414634138,53.90835579514825,281000.0,0.0,201.0,101.0,101.0,15.0,0.0,0.0,1.0
282000.0,8.062296,0.0,282000.0,63.800000000000004,51.02065115473552,-623.9999999999993,52.617801047120416,282000.0,0.0,201.0,101.0,101.0,15.0,0.0,0.0,1.0
283000.0,8.105965,0.0,283000.0,69.0,60.021253217644286,-638.0952380952376,58.66666666666666,283000.0,0.0,203.0,102.0,102.0,15.0,0.0,0.0,1.0
284000.0,8.15146,0.0,284000.0,73.3,65.53598004959204,-520.9302325581391,63.77204884667571,284000.0,0.0,203.0,102.0,102.0,15.0,0.0,0.0,1.0
285000.0,8.200793,0.0,285000.0,72.2,63.08620566029217,-578.0487804878044,55.16129032258063,285000.0,0.0,203.0,102.0,102.0,15.0,0.0,0.0,1.0
286000.0,8.24858,0.0,286000.0,73.4,64.26829939941192,-518.6046511627902,64.24731182795699,286000.0,0.0,203.0,102.0,102.0,15.0,0.0,0.0,1.0
287000.0,8.299678,0.0,287000.0,79.10000000000001,72.72562368929658,-354.34782608695605,76.35746606334843,287000.0,0.0,205.0,103.0,103.0,15.0,0.0,0.0,1.0
288000.0,8.350724,0.0,288000.0,88.5,85.09331584282393,-134.6938775510202,85.97560975609755,288000.0,0.0,207.0,104.0,104.0,15.0,0.0,0.0,1.0
289000.0,8.399246,0.0,289000.0,84.89999999999999,80.08939991297353,-297.3684210526313,81.49509803921569,289000.0,0.0,207.0,104.0,104.0,15.0,0.0,0.0,1.0
290000.0,8.446522,0.0,290000.0,79.5,73.49602892940764,-336.170212765957,76.51775486827034,290000.0,0.0,207.0,104.0,104.0,15.0,0.0,0.0,1.0
291000.0,8.495693,0.0,291000.0,77.60000000000001,71.0626094033601,-339.2156862745094,63.097199341021415,291000.0,0.0,207.0,104.0,104.0,15.0,0.0,0.0,1.0
292000.0,8.547175,0.0,292000.0,76.5,69.28453888250617,-343.3962264150939,58.03571428571428,292000.0,0.0,209.0,105.0,105.0,15.0,0.0,0.0,1.0
293000.0,8.594444,0.0,293000.0,79.4,73.04920743737212,-402.4390243902434,69.2537313432836,293000.0,0.0,211.0,106.0,106.0,15.0,0.0,0.0,1.0
294000.0,8.642528,0.0,294000.0,80.9,75.21177064528565,-344.1860465116274,73.39832869080783,294000.0,0.0,213.0,107.0,107.0,15.0,0.0,0.0,1.0
295000.0,8.686,0.0,295000.0,78.5,71.56859374297481,-399.9999999999995,59.510357815442575,295000.0,0.0,213.0,107.0,107.0,15.0,0.0,0.0,1.0
296000.0,8.73206,0.0,296000.0,71.2,62.69797273843507,-539.9999999999995,58.078602620087324,296000.0,0.0,213.0,107.0,107.0,15.0,0.0,0.0,1.0
297000.0,8.781194,0.0,297000.0,77.9,71.4297164560955,-439.02439024390196,66.96562032884903,297000.0,0.0,213.0,107.0,107.0,15.0,0.0,0.0,1.0
298000.0,8.827786,0.0,298000.0,82.19999999999999,76.27413240633614,-381.0810810810808,69.72789115646258,298000.0,0.0,213.0,107.0,107.0,15.0,0.0,0.0,1.0
299000.0,8.874279,0.0,299000.0,81.89999999999999,76.13059859447469,-330.95238095238074,72.74096385542168,299000.0,0.0,213.0,107.0,107.0,15.0,0.0,0.0,1.0
300000.0,8.920789,0.0,300000.0,77.0,68.01975544846036,-422.72727272727224,68.79240162822252,300000.0,0.0,213.0,107.0,107.0,15.0,0.0,0.0,1.0
301000.0,8.971887,0.0,301000.0,79.4,71.51883420781573,-390.4761904761899,70.94499294781383,301000.0,0.0,215.0,108.0,108.0,15.0,0.0,0.0,1.0
302000.0,9.024327,0.0,302000.0,77.60000000000001,66.98157011478327,-558.8235294117641,61.904761904761905,302000.0,0.0,215.0,108.0,108.0,15.0,0.0,0.0,1.0
303000.0,9.071433,0.0,303000.0,80.4,71.06951287554281,-389.99999999999943,64.6846846846847,303000.0,0.0,215.0,108.0,108.0,15.0,0.0,0.0,1.0
304000.0,9.113629,0.0,304000.0,80.7,70.9427059416897,-348.83720930232505,65.16245487364621,304000.0,0.0,215.0,108.0,108.0,15.0,0.0,0.0,1.0
305000.0,9.162458,0.0,305000.0,82.0,71.74360777615914,-291.3043478260867,65.64885496183204,305000.0,0.0,215.0,108.0,108.0,15.0,0.0,0.0,1.0
306000.0,9.209239,0.0,306000.0,76.9,63.939549572191936,-319.9999999999996,54.970760233918135,306000.0,0.0,215.0,108.0,108.0,15.0,0.0,0.0,1.0
307000.0,9.259117,0.0,307000.0,70.1,53.365265389072505,-390.16393442622916,43.79699248120299,307000.0,0.0,217.0,109.0,109.0,15.0,0.0,0.0,1.0
308000.0,9.312277,0.0,308000.0,72.3,57.11483470632951,-432.6923076923073,50.35842293906809,308000.0,0.0,217.0,109.0,109.0,15.0,0.0,0.0,1.0
309000.0,9.360958,0.0,309000.0,70.8,53.87912856824705,-534.7826086956517,41.24748490945673,309000.0,0.0,217.0,109.0,109.0,15.0,0.0,0.0,1.0
310000.0,9.409058,0.0,310000.0,73.3,57.40743694864964,-468.08510638297827,48.75239923224568,310000.0,0.0,217.0,109.0,109.0,15.0,0.0,0.0,1.0
311000.0,9.457374,0.0,311000.0,76.9,62.693798449612416,-437.20930232558084,68.18181818181819,311000.0,0.0,217.0,109.0,109.0,15.0,0.0,0.0,1.0
312000.0,9.505539,0.0,312000.0,79.4,65.88319465790451,-357.7777777777773,70.05813953488374,312000.0,0.0,217.0,109.0,109.0,15.0,0.0,0.0,1.0
313000.0,9.556342,0.0,313000.0,82.6,68.44733697337426,-304.6511627906974,60.0,313000.0,0.0,217.0,109.0,109.0,15.0,0.0,0.0,1.0
314000.0,9.603855,0.0,314000.0,76.3,61.77524164660002,-415.2173913043473,57.220216606498184,314000.0,0.0,217.0,109.0,109.0,15.0,0.0,0.0,1.0
315000.0,9.651839,0.0,315000.0,74.8,58.915499616870726,-447.82608695652124,53.072625698324025,315000.0,0.0,217.0,109.0,109.0,15.0,0.0,0.0,1.0
316000.0,9.699202,0.0,316000.0,75.1,55.05147418528542,-408.163265306122,45.514223194748354,316000.0,0.0,217.0,109.0,109.0,15.0,0.0,0.0,1.0
317000.0,9.747548,0.0,317000.0,77.60000000000001,61.98976778123756,-578.7878787878781,48.74141876430207,317000.0,0.0,217.0,109.0,109.0,15.0,0.0,0.0,1.0
318000.0,9.799871,0.0,318000.0,74.2,52.48951270445163,-681.8181818181811,37.530266343825666,318000.0,0.0,219.0,110.0,110.0,15.0,0.0,0.0,1.0
319000.0,9.85043,0.0,319000.0,76.6,59.51522071990244,-588.2352941176464,49.892933618843685,319000.0,0.0,219.0,110.0,110.0,15.0,0.0,0.0,1.0
320000.0,9.900814,0.0,320000.0,72.7,53.626162318623926,-780.6451612903219,42.52631578947368,320000.0,0.0,219.0,110.0,110.0,15.0,0.0,0.0,1.0
321000.0,9.951864,0.0,321000.0,82.89999999999999,69.91936278303945,-583.9999999999995,64.1509433962264,321000.0,0.0,219.0,110.0,110.0,15.0,0.0,0.0,1.0
322000.0,10.006895,0.0,322000.0,84.2,73.21965812690152,-444.82758620689617,62.91079812206573,322000.0,0.0,219.0,110.0,110.0,15.0,0.0,0.0,1.0
323000.0,10.056991,0.0,323000.0,88.5,80.5445495978643,-310.7142857142853,75.99164926931107,323000.0,0.0,219.0,110.0,110.0,15.0,0.0,0.0,1.0
324000.0,10.107343,0.0,324000.0,86.9,78.18884134463295,-219.51219512195098,71.2719298245614,324000.0,0.0,219.0,110.0,110.0,15.0,0.0,0.0,1.0
325000.0,10.156928,0.0,325000.0,83.6,73.56608076851785,-368.5714285714282,71.62629757785466,325000.0,0.0,219.0,110.0,110.0,15.0,0.0,0.0,1.0
326000.0,10.209557,0.0,326000.0,81.2,67.66698369074503,-347.6190476190471,64.72795497185743,326000.0,0.0,219.0,110.0,110.0,15.0,0.0,0.0,1.0
327000.0,10.261805,0.0,327000.0,75.0,60.08315477197902,-455.5555555555551,50.39682539682539,327000.0,0.0,219.0,110.0,110.0,15.0,0.0,0.0,1.0
328000.0,10.311536,0.0,328000.0,75.7,59.09834575531722,-428.2608695652169,55.24861878453039,328000.0,0.0,219.0,110.0,110.0,15.0,0.0,0.0,1.0
329000.0,10.363838,0.0,329000.0,72.3,54.44146385990996,-403.6363636363633,41.063829787234035,329000.0,0.0,221.0,111.0,111.0,15.0,0.0,0.0,1.0
330000.0,10.419561,0.0,330000.0,77.4,62.00307674201603,-425.58139534883674,62.207357859531776,330000.0,0.0,223.0,112.0,112.0,15.0,0.0,0.0,1.0
331000.0,10.467314,0.0,331000.0,73.9,56.78385802586676,-421.99999999999955,37.410071942446045,331000.0,0.0,223.0,112.0,112.0,15.0,0.0,0.0,1.0
332000.0,10.512529,0.0,332000.0,72.0,57.22898835864715,-495.7446808510634,49.640287769784166,332000.0,0.0,223.0,112.0,112.0,15.0,0.0,0.0,1.0
333000.0,10.567442,0.0,333000.0,74.5,57.42400184329026,-431.24999999999955,46.42857142857142,333000.0,0.0,223.0,112.0,112.0,15.0,0.0,0.0,1.0
334000.0,10.618664,0.0,334000.0,65.7,47.224760972787685,-572.5490196078425,35.526315789473685,334000.0,0.0,223.0,112.0,112.0,15.0,0.0,0.0,1.0
335000.0,10.672783,0.0,335000.0,74.3,57.07100655961702,-526.8292682926824,55.30434782608696,335000.0,0.0,223.0,112.0,112.0,15.0,0.0,0.0,1.0
336000.0,10.724318,0.0,336000.0,75.3,60.43923658938169,-436.9565217391299,55.09090909090909,336000.0,0.0,223.0,112.0,112.0,15.0,0.0,0.0,1.0
337000.0,10.775674,0.0,337000.0,75.2,61.74197429924564,-416.6666666666662,59.14332784184514,337000.0,0.0,223.0,112.0,112.0,15.0,0.0,0.0,1.0
338000.0,10.834576,0.0,338000.0,76.5,60.82928569285494,-335.18518518518476,56.88073394495413,338000.0,0.0,225.0,113.0,113.0,15.0,0.0,0.0,1.0
339000.0,10.885648,0.0,339000.0,74.9,61.61551283815816,-434.0425531914889,54.937163375224415,339000.0,0.0,225.0,113.0,113.0,15.0,0.0,0.0,1.0
340000.0,10.931779,0.0,340000.0,75.8,58.842347482835386,-437.77777777777726,52.64187866927593,340000.0,0.0,225.0,113.0,113.0,15.0,0.0,0.0,1.0
341000.0,10.986617,0.0,341000.0,70.0,53.817165236025076,-538.2978723404251,46.524064171122994,341000.0,0.0,225.0,113.0,113.0,15.0,0.0,0.0,1.0
342000.0,11.044001,0.0,342000.0,81.0,66.39927563912117,-304.2553191489357,62.962962962962976,342000.0,0.0,227.0,114.0,114.0,15.0,0.0,0.0,1.0
343000.0,11.100118,0.0,343000.0,76.0,62.25815734888717,-445.454545454545,56.28415300546449,343000.0,0.0,227.0,114.0,114.0,15.0,0.0,0.0,1.0
344000.0,11.151674,0.0,344000.0,80.9,66.0179837811487,-344.1860465116274,60.373443983402495,344000.0,0.0,227.0,114.0,114.0,15.0,0.0,0.0,1.0
345000.0,11.203643,0.0,345000.0,76.5,62.24347655641227,-399.9999999999995,58.18505338078291,345000.0,0.0,227.0,114.0,114.0,15.0,0.0,0.0,1.0
346000.0,11.255539,0.0,346000.0,78.0,63.482507291049394,-292.8571428571425,55.91182364729459,346000.0,0.0,227.0,114.0,114.0,15.0,0.0,0.0,1.0
347000.0,11.306344,0.0,347000.0,73.2,53.27787114455269,-415.38461538461496,50.64456721915286,347000.0,0.0,227.0,114.0,114.0,15.0,0.0,0.0,1.0
348000.0,11.354363,0.0,348000.0,77.8,64.4873866235823,-362.49999999999955,60.28622540250448,348000.0,0.0,227.0,114.0,114.0,15.0,0.0,0.0,1.0
349000.0,11.413986,0.0,349000.0,77.7,65.72647575955048,-418.6046511627902,60.94570928196148,349000.0,0.0,227.0,114.0,114.0,15.0,0.0,0.0,1.0
350000.0,11.46906,0.0,350000.0,78.5,67.11844395300538,-367.3913043478256,58.4942084942085,350000.0,0.0,227.0,114.0,114.0,15.0,0.0,0.0,1.0
351000.0,11.518119,0.0,351000.0,81.6,72.45640927380724,-397.297297297297,65.0853889943074,351000.0,0.0,227.0,114.0,114.0,15.0,0.0,0.0,1.0
352000.0,11.565026,0.0,352000.0,69.19999999999999,55.172940756966014,-689.7435897435892,46.2478184991274,352000.0,0.0,227.0,114.0,114.0,15.0,0.0,0.0,1.0
353000.0,11.616721,0.0,353000.0,68.10000000000001,51.504500655981445,-624.9999999999992,44.03508771929825,353000.0,0.0,229.0,115.0,115.0,15.0,0.0,0.0,1.0
354000.0,11.665858,0.0,354000.0,77.60000000000001,67.81192970355363,-433.33333333333275,60.42402826855123,354000.0,0.0,231.0,116.0,116.0,15.0,0.0,0.0,1.0
355000.0,11.713992,0.0,355000.0,72.39999999999999,61.31110497446672,-487.23404255319105,57.27554179566563,355000.0,0.0,231.0,116.0,116.0,15.0,0.0,0.0,1.0
356000.0,11.762885,0.0,356000.0,76.3,64.0415479430855,-717.2413793103441,54.85714285714286,356000.0,0.0,231.0,116.0,116.0,15.0,0.0,0.0,1.0
357000.0,11.812192,0.0,357000.0,79.7,70.40635140926994,-515.1515151515146,66.66666666666667,357000.0,0.0,231.0,116.0,116.0,15.0,0.0,0.0,1.0
358000.0,11.861069,0.0,358000.0,77.0,67.11772569034906,-505.2631578947363,59.147424511545296,358000.0,0.0,231.0,116.0,116.0,15.0,0.0,0.0,1.0
359000.0,11.919554,0.0,359000.0,79.4,69.93618005601212,-379.06976744185994,65.31986531986533,359000.0,0.0,235.0,118.0,118.0,15.0,0.0,0.0,1.0
360000.0,11.968438,0.0,360000.0,78.10000000000001,66.77236796188686,-409.3023255813948,56.46123260437377,360000.0,0.0,235.0,118.0,118.0,15.0,0.0,0.0,1.0
361000.0,12.016471,0.0,361000.0,82.5,71.53337508438321,-360.5263157894734,62.446351931330454,361000.0,0.0,235.0,118.0,118.0,15.0,0.0,0.0,1.0
362000.0,12.073657,0.0,362000.0,85.39999999999999,76.28634402017934,-403.4482758620686,70.74148296593185,362000.0,0.0,235.0,118.0,118.0,15.0,0.0,0.0,1.0
363000.0,12.123953,0.0,363000.0,85.1,75.11677580214997,-338.23529411764673,68.56540084388185,363000.0,0.0,235.0,118.0,118.0,15.0,0.0,0.0,1.0
364000.0,12.173636,0.0,364000.0,85.39999999999999,76.68904624669696,-342.4242424242421,70.44534412955466,364000.0,0.0,237.0,119.0,119.0,15.0,0.0,0.0,1.0
365000.0,12.223225,0.0,365000.0,81.39999999999999,67.9721185238246,-353.6585365853656,58.295964125560516,365000.0,0.0,237.0,119.0,119.0,15.0,0.0,0.0,1.0
366000.0,12.271802,0.0,366000.0,83.5,74.55266672630081,-312.4999999999997,68.92655367231639,366000.0,0.0,237.0,119.0,119.0,15.0,0.0,0.0,1.0
367000.0,12.327505,0.0,367000.0,78.60000000000001,66.52855786571071,-365.21739130434736,58.607350096711805,367000.0,0.0,239.0,120.0,120.0,15.0,0.0,0.0,1.0
368000.0,12.386309,0.0,368000.0,78.7,67.95141856350133,-446.15384615384556,59.81132075471699,368000.0,0.0,239.0,120.0,120.0,15.0,0.0,0.0,1.0
369000.0,12.447891,0.0,369000.0,75.3,64.0688597754522,-448.88888888888835,54.4280442804428,369000.0,0.0,243.0,122.0,122.0,15.0,0.0,0.0,1.0
370000.0,12.505199,0.0,370000.0,78.4,65.90268689984389,-331.99999999999955,53.6480686695279,370000.0,0.0,243.0,122.0,122.0,15.0,0.0,0.0,1.0
371000.0,12.56327,0.0,371000.0,73.9,59.649491676354906,-349.9999999999996,45.05263157894737,371000.0,0.0,245.0,123.0,123.0,15.0,0.0,0.0,1.0
372000.0,12.614496,0.0,372000.0,72.2,59.92099534333867,-424.528301886792,46.94656488549618,372000.0,0.0,245.0,123.0,123.0,15.0,0.0,0.0,1.0
373000.0,12.663916,0.0,373000.0,71.7,57.04330429582135,-489.58333333333286,38.74458874458873,373000.0,0.0,245.0,123.0,123.0,15.0,0.0,0.0,1.0
374000.0,12.72095,0.0,374000.0,71.3,58.11185157292186,-462.7450980392153,38.805970149253724,374000.0,0.0,245.0,123.0,123.0,15.0,0.0,0.0,1.0
375000.0,12.776788,0.0,375000.0,69.6,52.0364775210432,-641.4634146341458,36.66666666666665,375000.0,0.0,245.0,123.0,123.0,15.0,0.0,0.0,1.0
376000.0,12.832436,0.0,376000.0,70.3,55.56845450030219,-460.3773584905656,38.88888888888888,376000.0,0.0,245.0,123.0,123.0,15.0,0.0,0.0,1.0
377000.0,12.886946,0.0,377000.0,70.39999999999999,55.35148637315296,-722.2222222222216,41.8467583497053,377000.0,0.0,245.0,123.0,123.0,15.0,0.0,0.0,1.0
378000.0,12.940626,0.0,378000.0,74.0,60.93321533160938,-465.2173913043473,45.83333333333333,378000.0,0.0,245.0,123.0,123.0,15.0,0.0,0.0,1.0
379000.0,12.997989,0.0,379000.0,77.3,66.04571712342904,-632.2580645161283,58.95117540687161,379000.0,0.0,247.0,124.0,124.0,15.0,0.0,0.0,1.0
380000.0,13.05715,0.0,380000.0,77.9,66.68741794327214,-439.02439024390196,56.92007797270956,380000.0,0.0,247.0,124.0,124.0,15.0,0.0,0.0,1.0
381000.0,13.112534,0.0,381000.0,77.60000000000001,66.18306435785564,-646.666666666666,59.34664246823957,381000.0,0.0,247.0,124.0,124.0,15.0,0.0,0.0,1.0
382000.0,13.170085,0.0,382000.0,74.6,61.733329516710036,-586.4864864864859,51.61904761904762,382000.0,0.0,247.0,124.0,124.0,15.0,0.0,0.0,1.0
383000.0,13.227427,0.0,383000.0,79.2,67.29780848150205,-642.8571428571421,58.56573705179283,383000.0,0.0,247.0,124.0,124.0,15.0,0.0,0.0,1.0
384000.0,13.285027,0.0,384000.0,78.9,68.55444328696979,-390.69767441860415,60.188679245283026,384000.0,0.0,247.0,124.0,124.0,15.0,0.0,0.0,1.0
385000.0,13.342656,0.0,385000.0,81.6,70.87778164667151,-441.17647058823496,61.9047619047619,385000.0,0.0,247.0,124.0,124.0,15.0,0.0,0.0,1.0
386000.0,13.404987,0.0,386000.0,75.2,62.32571846981653,-490.47619047618997,54.41176470588235,386000.0,0.0,249.0,125.0,125.0,15.0,0.0,0.0,1.0
387000.0,13.460218,0.0,387000.0,79.0,67.50750035200208,-483.3333333333327,57.14285714285715,387000.0,0.0,249.0,125.0,125.0,15.0,0.0,0.0,1.0
388000.0,13.51523,0.0,388000.0,76.6,65.32398365188837,-532.4324324324318,60.67226890756302,388000.0,0.0,249.0,125.0,125.0,15.0,0.0,0.0,1.0
389000.0,13.569746,0.0,389000.0,74.6,62.20080598596369,-647.0588235294111,57.666666666666664,389000.0,0.0,249.0,125.0,125.0,15.0,0.0,0.0,1.0
390000.0,13.627909,0.0,390000.0,74.2,59.70997427997196,-616.6666666666661,55.6701030927835,390000.0,0.0,249.0,125.0,125.0,15.0,0.0,0.0,1.0
391000.0,13.689252,0.0,391000.0,73.7,58.95486283433059,-526.1904761904757,61.15214180206794,391000.0,0.0,251.0,126.0,126.0,15.0,0.0,0.0,1.0
392000.0,13.749112,0.0,392000.0,65.7,43.085842478868756,-599.9999999999993,36.83241252302027,392000.0,0.0,253.0,127.0,127.0,15.0,0.0,0.0,1.0
393000.0,13.811488,0.0,393000.0,70.6,51.278928136419,-617.0731707317068,54.559505409582684,393000.0,0.0,253.0,127.0,127.0,15.0,0.0,0.0,1.0
394000.0,13.86668,0.0,394000.0,69.69999999999999,49.454003142859996,-621.4285714285709,48.81756756756756,394000.0,0.0,253.0,127.0,127.0,15.0,0.0,0.0,1.0
395000.0,13.925688,0.0,395000.0,68.4,49.48655319257773,-652.3809523809516,49.92076069730587,395000.0,0.0,253.0,127.0,127.0,15.0,0.0,0.0,1.0
396000.0,13.982993,0.0,396000.0,68.0,48.1564767141575,-764.864864864864,42.342342342342356,396000.0,0.0,253.0,127.0,127.0,15.0,0.0,0.0,1.0
397000.0,14.050617,0.0,397000.0,77.2,65.16222485033508,-406.6666666666662,61.42131979695432,397000.0,0.0,255.0,128.0,128.0,15.0,0.0,0.0,1.0
398000.0,14.109054,0.0,398000.0,72.0,57.85328729306717,-566.6666666666662,49.82078853046594,398000.0,0.0,255.0,128.0,128.0,15.0,0.0,0.0,1.0
399000.0,14.166795,0.0,399000.0,79.2,69.559891644922,-342.5531914893612,65.6198347107438,399000.0,0.0,255.0,128.0,128.0,15.0,0.0,0.0,1.0
400000.0,14.223375,0.0,400000.0,69.1,53.713273954504196,-586.6666666666662,36.02484472049688,400000.0,0.0,255.0,128.0,128.0,15.0,0.0,0.0,1.0
401000.0,14.280948,0.0,401000.0,73.1,59.698080190332924,-572.4999999999994,52.88966725043783,401000.0,0.0,255.0,128.0,128.0,15.0,0.0,0.0,1.0
402000.0,14.338737,0.0,402000.0,65.4,47.46591357687286,-578.431372549019,28.06652806652807,402000.0,0.0,255.0,128.0,128.0,15.0,0.0,0.0,1.0
403000.0,14.395668,0.0,403000.0,71.1,57.01259872971486,-407.0175438596487,46.38218923933209,403000.0,0.0,255.0,128.0,128.0,15.0,0.0,0.0,1.0
404000.0,14.450992,0.0,404000.0,70.39999999999999,53.13660205533998,-355.3846153846158,28.67469879518072,404000.0,0.0,255.0,128.0,128.0,15.0,0.0,0.0,1.0
405000.0,14.512306,0.0,405000.0,69.6,55.05092995781589,-507.99999999999955,34.9036402569593,405000.0,0.0,259.0,130.0,130.0,15.0,0.0,0.0,1.0
406000.0,14.565299,0.0,406000.0,68.2,45.62606118948976,-562.4999999999993,1.5479876160990729,406000.0,0.0,259.0,130.0,130.0,15.0,0.0,0.0,1.0
407000.0,14.619213,0.0,407000.0,73.0,57.596240828223934,-451.0204081632649,40.39735099337747,407000.0,0.0,259.0,130.0,130.0,15.0,0.0,0.0,1.0
408000.0,14.671859,0.0,408000.0,69.89999999999999,46.99761753410377,-671.7948717948711,0.3311258278145698,408000.0,0.0,259.0,130.0,130.0,15.0,0.0,0.0,1.0
409000.0,14.723812,0.0,409000.0,70.7,49.11259662962132,-671.0526315789468,19.94535519125682,409000.0,0.0,259.0,130.0,130.0,15.0,0.0,0.0,1.0
410000.0,14.78018,0.0,410000.0,81.2,66.20419139932626,-327.27272727272674,49.46236559139787,410000.0,0.0,261.0,131.0,131.0,15.0,0.0,0.0,1.0
411000.0,14.83378,0.0,411000.0,83.1,64.69568305497235,-293.0232558139532,45.659163987138264,411000.0,0.0,261.0,131.0,131.0,15.0,0.0,0.0,1.0
412000.0,14.891504,0.0,412000.0,79.5,67.37393607201288,-399.9999999999995,57.55693581780539,412000.0,0.0,263.0,132.0,132.0,15.0,0.0,0.0,1.0
413000.0,14.945816,0.0,413000.0,80.5,61.68138167112407,-509.3749999999993,37.699680511182116,413000.0,0.0,263.0,132.0,132.0,15.0,0.0,0.0,1.0
414000.0,14.998243,0.0,414000.0,79.9,66.72069724278494,-509.09090909090844,54.21412300683372,414000.0,0.0,263.0,132.0,132.0,15.0,0.0,0.0,1.0
415000.0,15.059279,0.0,415000.0,74.4,51.17485505035093,-699.9999999999993,23.8095238095238,415000.0,0.0,263.0,132.0,132.0,15.0,0.0,0.0,1.0
416000.0,15.120859,0.0,416000.0,80.4,66.44490630253685,-493.93939393939326,55.75620767494357,416000.0,0.0,265.0,133.0,133.0,15.0,0.0,0.0,1.0
417000.0,15.182374,0.0,417000.0,77.3,55.59302869238098,-587.8787878787872,32.44047619047619,417000.0,0.0,267.0,134.0,134.0,16.0,0.0,0.0,1.0
418000.0,15.245876,0.0,418000.0,78.10000000000001,62.35049795334556,-461.538461538461,57.64023210831722,418000.0,0.0,267.0,134.0,134.0,16.0,0.0,0.0,1.0
419000.0,15.304955,0.0,419000.0,76.1,54.236213898787355,-646.8749999999993,34.87738419618528,419000.0,0.0,267.0,134.0,134.0,16.0,0.0,0.0,1.0
420000.0,15.363536,0.0,420000.0,70.6,49.13706005286977,-634.9999999999994,35.099337748344354,420000.0,0.0,267.0,134.0,134.0,16.0,0.0,0.0,1.0
421000.0,15.417098,0.0,421000.0,73.7,52.523733620236804,-696.9696969696963,46.76113360323886,421000.0,0.0,267.0,134.0,134.0,16.0,0.0,0.0,1.0
422000.0,15.471039,0.0,422000.0,81.2,65.8292407184584,-526.666666666666,62.0967741935484,422000.0,0.0,269.0,135.0,135.0,16.0,0.0,0.0,1.0
423000.0,15.525545,0.0,423000.0,85.8,72.62038354600739,-373.333333333333,71.31313131313131,423000.0,0.0,269.0,135.0,135.0,16.0,0.0,0.0,1.0
424000.0,15.577702,0.0,424000.0,85.2,72.65407029382092,-311.1111111111108,76.54516640253566,424000.0,0.0,269.0,135.0,135.0,16.0,0.0,0.0,1.0
425000.0,15.632892,0.0,425000.0,86.1,73.93841215557454,-215.90909090909065,78.90743550834598,425000.0,0.0,269.0,135.0,135.0,16.0,0.0,0.0,1.0
426000.0,15.685757,0.0,426000.0,84.39999999999999,71.27532052875506,-289.9999999999997,72.34042553191489,426000.0,0.0,269.0,135.0,135.0,16.0,0.0,0.0,1.0
427000.0,15.742297,0.0,427000.0,86.7,75.34772680091343,-343.333333333333,71.70212765957447,427000.0,0.0,271.0,136.0,136.0,17.0,0.0,0.0,1.0
428000.0,15.79501,0.0,428000.0,88.9,78.94664967225056,-246.87499999999966,74.82993197278913,428000.0,0.0,271.0,136.0,136.0,17.0,0.0,0.0,1.0
429000.0,15.847734,0.0,429000.0,88.2,77.24358047190644,-268.74999999999966,72.16981132075472,429000.0,0.0,271.0,136.0,136.0,17.0,0.0,0.0,1.0
430000.0,15.899583,0.0,430000.0,87.0,74.00228779867373,-490.90909090909037,63.687150837988824,430000.0,0.0,271.0,136.0,136.0,17.0,0.0,0.0,1.0
431000.0,15.952395,0.0,431000.0,88.2,74.51805654831959,-489.99999999999943,61.93548387096776,431000.0,0.0,271.0,136.0,136.0,17.0,0.0,0.0,1.0
432000.0,16.004096,0.0,432000.0,88.1,74.97413292731142,-271.87499999999966,65.10263929618768,432000.0,0.0,271.0,136.0,136.0,17.0,0.0,0.0,1.0
433000.0,16.070004,0.0,433000.0,87.0,70.31841491202835,-319.35483870967704,54.385964912280706,433000.0,0.0,271.0,136.0,136.0,17.0,0.0,0.0,1.0
434000.0,16.128972,0.0,434000.0,83.7,63.54315774405953,-409.37499999999966,49.69135802469134,434000.0,0.0,271.0,136.0,136.0,17.0,0.0,0.0,1.0
435000.0,16.18898,0.0,435000.0,80.5,59.55976134037616,-529.0322580645154,44.12607449856735,435000.0,0.0,271.0,136.0,136.0,17.0,0.0,0.0,1.0
436000.0,16.243062,0.0,436000.0,80.30000000000001,57.920458987399634,-579.3103448275854,32.76450511945395,436000.0,0.0,271.0,136.0,136.0,17.0,0.0,0.0,1.0
437000.0,16.296981,0.0,437000.0,84.5,65.02020929198648,-416.66666666666634,46.55172413793103,437000.0,0.0,271.0,136.0,136.0,17.0,0.0,0.0,1.0
438000.0,16.350443,0.0,438000.0,79.4,48.67476243391254,-586.666666666666,8.035714285714294,438000.0,0.0,271.0,136.0,136.0,17.0,0.0,0.0,1.0
439000.0,16.404874,0.0,439000.0,78.9,47.69407728386003,-559.3749999999993,15.936254980079696,439000.0,0.0,271.0,136.0,136.0,17.0,0.0,0.0,1.0
440000.0,16.460402,0.0,440000.0,77.60000000000001,45.064377682403446,-522.2222222222216,18.54545454545456,440000.0,0.0,273.0,137.0,137.0,17.0,0.0,0.0,1.0
441000.0,16.521507,0.0,441000.0,78.5,51.17542329772547,-329.99999999999955,30.420711974110056,441000.0,0.0,275.0,138.0,138.0,17.0,0.0,0.0,1.0
442000.0,16.579529,0.0,442000.0,77.9,47.85743609586682,-636.666666666666,11.952191235059772,442000.0,0.0,275.0,138.0,138.0,17.0,0.0,0.0,1.0
443000.0,16.637076,0.0,443000.0,78.9,53.36995964623049,-603.3333333333326,26.98961937716265,443000.0,0.0,275.0,138.0,138.0,17.0,0.0,0.0,1.0
444000.0,16.694837,0.0,444000.0,82.19999999999999,60.67037131146634,-535.7142857142853,38.408304498269885,444000.0,0.0,275.0,138.0,138.0,17.0,0.0,0.0,1.0
445000.0,16.748774,0.0,445000.0,80.2,58.92670075612211,-518.7499999999993,44.22535211267606,445000.0,0.0,275.0,138.0,138.0,17.0,0.0,0.0,1.0
446000.0,16.802904,0.0,446000.0,84.7,67.86126147699558,-378.12499999999966,57.49999999999999,446000.0,0.0,275.0,138.0,138.0,17.0,0.0,0.0,1.0
447000.0,16.856645,0.0,447000.0,86.1,74.46298786716345,-348.3870967741932,70.2355460385439,447000.0,0.0,275.0,138.0,138.0,17.0,0.0,0.0,1.0
448000.0,16.910096,0.0,448000.0,79.60000000000001,61.89494211393413,-409.99999999999943,50.724637681159436,448000.0,0.0,275.0,138.0,138.0,17.0,0.0,0.0,1.0
449000.0,16.963919,0.0,449000.0,79.5,59.89011849045971,-561.2903225806444,45.33333333333334,449000.0,0.0,275.0,138.0,138.0,17.0,0.0,0.0,1.0
450000.0,17.022277,0.0,450000.0,83.2,66.09998486606466,-546.1538461538457,49.54954954954953,450000.0,0.0,277.0,139.0,139.0,17.0,0.0,0.0,1.0
451000.0,17.086282,0.0,451000.0,81.89999999999999,65.47508006538753,-465.62499999999966,47.83861671469739,451000.0,0.0,277.0,139.0,139.0,17.0,0.0,0.0,1.0
452000.0,17.14323,0.0,452000.0,84.5,70.22746218887697,-416.66666666666634,53.869047619047606,452000.0,0.0,277.0,139.0,139.0,17.0,0.0,0.0,1.0
453000.0,17.203083,0.0,453000.0,83.89999999999999,69.54800539435332,-436.6666666666663,52.78592375366568,453000.0,0.0,281.0,141.0,141.0,17.0,0.0,0.0,1.0
454000.0,17.260627,0.0,454000.0,84.8,71.02361003879405,-360.6060606060603,55.94202898550723,454000.0,0.0,281.0,141.0,141.0,17.0,0.0,0.0,1.0
455000.0,17.315361,0.0,455000.0,84.2,69.81016709499286,-351.4285714285711,55.98885793871865,455000.0,0.0,281.0,141.0,141.0,17.0,0.0,0.0,1.0
456000.0,17.369025,0.0,456000.0,82.8,68.04672608984814,-377.77777777777743,55.440414507772005,456000.0,0.0,281.0,141.0,141.0,17.0,0.0,0.0,1.0
457000.0,17.42331,0.0,457000.0,77.5,59.72029774755906,-492.10526315789417,45.91346153846155,457000.0,0.0,281.0,141.0,141.0,17.0,0.0,0.0,1.0
458000.0,17.477321,0.0,458000.0,73.4,54.54747396732201,-618.9189189189183,38.9908256880734,458000.0,0.0,281.0,141.0,141.0,17.0,0.0,0.0,1.0
459000.0,17.531124,0.0,459000.0,73.5,54.70356474398969,-616.2162162162156,39.90929705215419,459000.0,0.0,281.0,141.0,141.0,17.0,0.0,0.0,1.0
460000.0,17.585589,0.0,460000.0,75.3,57.73797200440073,-782.1428571428563,41.33016627078385,460000.0,0.0,281.0,141.0,141.0,17.0,0.0,0.0,1.0
461000.0,17.639283,0.0,461000.0,77.5,62.188750397018126,-625.8064516129025,46.300715990453476,461000.0,0.0,281.0,141.0,141.0,17.0,0.0,0.0,1.0
462000.0,17.694042,0.0,462000.0,79.4,64.51225016451846,-564.5161290322574,49.87834549878347,462000.0,0.0,281.0,141.0,141.0,17.0,0.0,0.0,1.0
463000.0,17.747394,0.0,463000.0,79.10000000000001,62.930971793839454,-497.14285714285654,48.52216748768474,463000.0,0.0,281.0,141.0,141.0,17.0,0.0,0.0,1.0
464000.0,17.801704,0.0,464000.0,78.10000000000001,61.39663110691195,-544.1176470588229,46.71532846715329,464000.0,0.0,281.0,141.0,141.0,17.0,0.0,0.0,1.0
465000.0,17.858189,0.0,465000.0,75.4,57.40422009897458,-514.9999999999994,41.843971631205676,465000.0,0.0,281.0,141.0,141.0,17.0,0.0,0.0,1.0
466000.0,17.916973,0.0,466000.0,74.7,55.71526843023754,-602.7777777777771,40.74941451990633,466000.0,0.0,281.0,141.0,141.0,17.0,0.0,0.0,1.0
467000.0,17.976155,0.0,467000.0,75.5,56.46742964159369,-599.9999999999994,43.287037037037045,467000.0,0.0,283.0,142.0,142.0,17.0,0.0,0.0,1.0
468000.0,18.030859,0.0,468000.0,74.6,54.361856574048794,-464.44444444444395,41.20370370370371,468000.0,0.0,283.0,142.0,142.0,17.0,0.0,0.0,1.0
469000.0,18.095979,0.0,469000.0,79.2,62.489743289180645,-383.72093023255763,54.68409586056645,469000.0,0.0,285.0,143.0,143.0,17.0,0.0,0.0,1.0
470000.0,18.151862,0.0,470000.0,72.5,53.06734750301222,-511.11111111111063,49.448529411764696,470000.0,0.0,285.0,143.0,143.0,17.0,0.0,0.0,1.0
471000.0,18.206132,0.0,471000.0,72.8,54.046912695891926,-423.07692307692264,45.49098196392785,471000.0,0.0,285.0,143.0,143.0,17.0,0.0,0.0,1.0
472000.0,18.260532,0.0,472000.0,72.6,52.7335205591935,-349.1803278688521,43.50515463917525,472000.0,0.0,285.0,143.0,143.0,17.0,0.0,0.0,1.0
473000.0,18.314678,0.0,473000.0,64.3,43.953404398951285,-526.3157894736836,28.45691382765531,473000.0,0.0,285.0,143.0,143.0,17.0,0.0,0.0,1.0
474000.0,18.369046,0.0,474000.0,66.7,43.06514680814323,-593.7499999999993,12.827225130890064,474000.0,0.0,285.0,143.0,143.0,17.0,0.0,0.0,1.0
475000.0,18.4281,0.0,475000.0,67.10000000000001,46.06424748149545,-532.692307692307,21.47971360381863,475000.0,0.0,285.0,143.0,143.0,17.0,0.0,0.0,1.0
476000.0,18.493086,0.0,476000.0,72.39999999999999,51.57843766776492,-430.7692307692303,31.172069825436406,476000.0,0.0,287.0,144.0,144.0,17.0,0.0,0.0,1.0
477000.0,18.548856,0.0,477000.0,75.1,52.80712328144011,-378.8461538461534,26.54867256637167,477000.0,0.0,287.0,144.0,144.0,17.0,0.0,0.0,1.0
478000.0,18.607555,0.0,478000.0,73.3,52.30746147085931,-413.46153846153805,24.999999999999993,478000.0,0.0,287.0,144.0,144.0,17.0,0.0,0.0,1.0
479000.0,18.664107,0.0,479000.0,70.8,44.165911376769195,-421.428571428571,2.6666666666666687,479000.0,0.0,287.0,144.0,144.0,17.0,0.0,0.0,1.0
480000.0,18.723953,0.0,480000.0,65.2,38.58859653766742,-595.9999999999993,2.7932960893854775,480000.0,0.0,287.0,144.0,144.0,17.0,0.0,0.0,1.0
481000.0,18.786578,0.0,481000.0,73.8,56.09809227778848,-571.7948717948711,34.335839598997495,481000.0,0.0,289.0,145.0,145.0,17.0,0.0,0.0,1.0
482000.0,18.846655,0.0,482000.0,74.6,54.978747841993126,-519.5121951219508,40.515222482435604,482000.0,0.0,291.0,146.0,146.0,17.0,0.0,0.0,1.0
483000.0,18.904224,0.0,483000.0,74.2,56.51382455856475,-681.8181818181811,52.66055045871559,483000.0,0.0,291.0,146.0,146.0,17.0,0.0,0.0,1.0
484000.0,18.961265,0.0,484000.0,78.2,61.74458721005731,-626.666666666666,55.959595959595966,484000.0,0.0,291.0,146.0,146.0,17.0,0.0,0.0,1.0
485000.0,19.019946,0.0,485000.0,82.3,69.22547296275239,-555.5555555555552,64.74103585657369,485000.0,0.0,291.0,146.0,146.0,17.0,0.0,0.0,1.0
486000.0,19.089802,0.0,486000.0,78.5,63.633534279199736,-641.3793103448268,54.641350210970465,486000.0,0.0,291.0,146.0,146.0,17.0,0.0,0.0,1.0
487000.0,19.148994,0.0,487000.0,71.7,49.57504053596564,-1186.3636363636354,42.71255060728744,487000.0,0.0,291.0,146.0,146.0,17.0,0.0,0.0,1.0
488000.0,19.20719,0.0,488000.0,72.3,48.74878579027706,-925.9259259259251,56.58307210031348,488000.0,0.0,291.0,146.0,146.0,17.0,0.0,0.0,1.0
489000.0,19.267279,0.0,489000.0,69.69999999999999,48.63057243852197,-676.9230769230763,45.1086956521739,489000.0,0.0,293.0,147.0,147.0,18.0,0.0,0.0,1.0
490000.0,19.326673,0.0,490000.0,73.3,53.165125384151224,-853.5714285714278,47.12871287128713,490000.0,0.0,293.0,147.0,147.0,18.0,0.0,0.0,1.0
491000.0,19.384834,0.0,491000.0,71.6,51.53831715099908,-846.666666666666,36.88888888888888,491000.0,0.0,293.0,147.0,147.0,18.0,0.0,0.0,1.0
492000.0,19.443209,0.0,492000.0,69.1,43.165828868448195,-735.1351351351345,29.772727272727252,492000.0,0.0,293.0,147.0,147.0,18.0,0.0,0.0,1.0
493000.0,19.504279,0.0,493000.0,70.0,46.08893169827052,-466.0377358490562,27.18446601941747,493000.0,0.0,295.0,148.0,148.0,18.0,0.0,0.0,1.0
494000.0,19.561758,0.0,494000.0,68.4,40.30392105004649,-754.0540540540532,7.058823529411772,494000.0,0.0,295.0,148.0,148.0,18.0,0.0,0.0,1.0
495000.0,19.621927,0.0,495000.0,71.89999999999999,45.23634124190725,-553.4883720930227,23.224043715846985,495000.0,0.0,297.0,149.0,149.0,18.0,0.0,0.0,1.0
496000.0,19.684015,0.0,496000.0,70.5,44.44465369245314,-719.4444444444439,23.17708333333332,496000.0,0.0,297.0,149.0,149.0,18.0,0.0,0.0,1.0
497000.0,19.742402,0.0,497000.0,69.3,45.972201201634554,-667.4999999999994,31.62583518930956,497000.0,0.0,297.0,149.0,149.0,18.0,0.0,0.0,1.0
498000.0,19.802421,0.0,498000.0,75.2,57.49363261472434,-519.9999999999994,49.797570850202426,498000.0,0.0,297.0,149.0,149.0,18.0,0.0,0.0,1.0
499000.0,19.860624,0.0,499000.0,69.89999999999999,45.64972057456009,-692.1052631578941,37.16075156576199,499000.0,0.0,297.0,149.0,149.0,18.0,0.0,0.0,1.0
500000.0,19.919164,0.0,500000.0,70.6,50.22946923283974,-525.5319148936165,37.17948717948717,500000.0,0.0,297.0,149.0,149.0,18.0,0.0,0.0,1.0
501000.0,19.979524,0.0,501000.0,67.2,44.008958566629346,-741.0256410256402,26.126126126126124,501000.0,0.0,297.0,149.0,149.0,18.0,0.0,0.0,1.0
502000.0,20.037627,0.0,502000.0,62.4,35.53309501153031,-795.2380952380945,15.315315315315306,502000.0,0.0,297.0,149.0,149.0,18.0,0.0,0.0,1.0
503000.0,20.104698,0.0,503000.0,65.9,39.91443533665537,-797.3684210526307,16.82926829268294,503000.0,0.0,297.0,149.0,149.0,18.0,0.0,0.0,1.0
504000.0,20.16426,0.0,504000.0,67.60000000000001,39.40062731572835,-945.1612903225796,6.628242074927961,504000.0,0.0,297.0,149.0,149.0,18.0,0.0,0.0,1.0
505000.0,20.224099,0.0,505000.0,70.6,43.60166662830044,-913.7931034482751,13.017751479289922,505000.0,0.0,297.0,149.0,149.0,18.0,0.0,0.0,1.0
506000.0,20.287286,0.0,506000.0,72.8,43.28654473273783,-806.666666666666,21.839080459770106,506000.0,0.0,299.0,150.0,150.0,18.0,0.0,0.0,1.0
507000.0,20.34654,0.0,507000.0,72.3,46.38744266166025,-925.9259259259251,23.69146005509641,507000.0,0.0,299.0,150.0,150.0,18.0,0.0,0.0,1.0
508000.0,20.40492,0.0,508000.0,78.7,59.98669980444205,-565.6249999999993,44.81865284974094,508000.0,0.0,299.0,150.0,150.0,18.0,0.0,0.0,1.0
509000.0,20.467078,0.0,509000.0,80.30000000000001,58.46046469455791,-496.96969696969626,40.30303030303031,509000.0,0.0,299.0,150.0,150.0,18.0,0.0,0.0,1.0
510000.0,20.536123,0.0,510000.0,80.9,60.32389000369758,-445.7142857142851,42.12121212121213,510000.0,0.0,301.0,151.0,151.0,18.0,0.0,0.0,1.0
511000.0,20.605005,0.0,511000.0,79.4,58.94582443161889,-402.4390243902434,40.28985507246377,511000.0,0.0,301.0,151.0,151.0,18.0,0.0,0.0,1.0
512000.0,20.671627,0.0,512000.0,76.5,55.72269974714836,-473.1707317073165,36.31436314363144,512000.0,0.0,301.0,151.0,151.0,18.0,0.0,0.0,1.0
513000.0,20.736423,0.0,513000.0,76.4,56.15192244092586,-461.9047619047614,40.101522842639596,513000.0,0.0,301.0,151.0,151.0,18.0,0.0,0.0,1.0
514000.0,20.797528,0.0,514000.0,71.6,47.48637234380893,-531.1111111111106,21.978021978021967,514000.0,0.0,301.0,151.0,151.0,18.0,0.0,0.0,1.0
515000.0,20.859497,0.0,515000.0,71.89999999999999,45.28176967714296,-473.4693877551016,17.836257309941505,515000.0,0.0,301.0,151.0,151.0,18.0,0.0,0.0,1.0
516000.0,20.919233,0.0,516000.0,73.4,44.98130191613992,-564.9999999999994,13.636363636363647,516000.0,0.0,301.0,151.0,151.0,18.0,0.0,0.0,1.0
517000.0,20.978233,0.0,517000.0,72.1,40.1112771109165,-634.2105263157888,5.102040816326534,517000.0,0.0,301.0,151.0,151.0,18.0,0.0,0.0,1.0
518000.0,21.038382,0.0,518000.0,71.5,37.57529295805499,-630.7692307692303,8.064516129032263,518000.0,0.0,301.0,151.0,151.0,18.0,0.0,0.0,1.0
519000.0,21.109388,0.0,519000.0,74.5,42.075206825585035,-479.54545454545405,13.265306122448989,519000.0,0.0,301.0,151.0,151.0,18.0,0.0,0.0,1.0
520000.0,21.170734,0.0,520000.0,72.7,40.0332123746848,-618.4210526315784,11.650485436893213,520000.0,0.0,301.0,151.0,151.0,18.0,0.0,0.0,1.0
521000.0,21.231052,0.0,521000.0,71.89999999999999,40.24887089503364,-778.1249999999993,12.732919254658364,521000.0,0.0,301.0,151.0,151.0,18.0,0.0,0.0,1.0
522000.0,21.291953,0.0,522000.0,77.0,48.56162652609827,-784.6153846153837,26.045016077170434,522000.0,0.0,301.0,151.0,151.0,18.0,0.0,0.0,1.0
523000.0,21.351531,0.0,523000.0,75.1,50.32240559261979,-703.2258064516122,28.44827586206896,523000.0,0.0,301.0,151.0,151.0,18.0,0.0,0.0,1.0
524000.0,21.414359,0.0,524000.0,76.0,53.25628410830519,-674.1935483870961,39.3939393939394,524000.0,0.0,303.0,152.0,152.0,18.0,0.0,0.0,1.0
525000.0,21.478298,0.0,525000.0,75.4,47.234305423283814,-778.5714285714278,23.12499999999999,525000.0,0.0,303.0,152.0,152.0,18.0,0.0,0.0,1.0
526000.0,21.541429,0.0,526000.0,78.0,49.550888248338055,-899.999999999999,29.260450160771722,526000.0,0.0,303.0,152.0,152.0,18.0,0.0,0.0,1.0
527000.0,21.602688,0.0,527000.0,82.3,60.64900244109578,-784.9999999999994,40.60402684563758,527000.0,0.0,305.0,153.0,153.0,19.0,0.0,0.0,1.0
528000.0,21.661627,0.0,528000.0,86.2,70.07799236338327,-666.6666666666661,52.24913494809689,528000.0,0.0,307.0,154.0,154.0,19.0,0.0,0.0,1.0
529000.0,21.722615,0.0,529000.0,91.9,81.59768448889274,-478.57142857142776,72.44897959183675,529000.0,0.0,307.0,154.0,154.0,19.0,0.0,0.0,1.0
530000.0,21.782328,0.0,530000.0,90.8,81.06547845683649,-513.3333333333326,71.51702786377709,530000.0,0.0,307.0,154.0,154.0,19.0,0.0,0.0,1.0
531000.0,21.841489,0.0,531000.0,90.4,81.48112425008199,-539.9999999999992,75.3846153846154,531000.0,0.0,307.0,154.0,154.0,19.0,0.0,0.0,1.0
532000.0,21.901536,0.0,532000.0,87.4,72.44673034533432,-1159.9999999999989,54.34782608695653,532000.0,0.0,307.0,154.0,154.0,19.0,0.0,0.0,1.0
533000.0,21.962868,0.0,533000.0,86.2,74.7407263688513,-885.7142857142849,63.00268096514745,533000.0,0.0,309.0,155.0,155.0,19.0,0.0,0.0,1.0
534000.0,22.02404,0.0,534000.0,88.1,76.28102402194105,-749.9999999999992,62.57861635220125,534000.0,0.0,309.0,155.0,155.0,19.0,0.0,0.0,1.0
535000.0,22.094172,0.0,535000.0,82.6,65.5649427368746,-499.99999999999966,49.271137026239046,535000.0,0.0,309.0,155.0,155.0,19.0,0.0,0.0,1.0
536000.0,22.159909,0.0,536000.0,82.6,63.67325976124562,-443.74999999999966,45.96273291925464,536000.0,0.0,309.0,155.0,155.0,19.0,0.0,0.0,1.0
537000.0,22.226769,0.0,537000.0,78.4,52.74980804609519,-359.5744680851059,23.131672597864785,537000.0,0.0,311.0,156.0,156.0,19.0,0.0,0.0,1.0
538000.0,22.290957,0.0,538000.0,72.89999999999999,45.83899592293549,-431.3725490196074,33.086419753086425,538000.0,0.0,311.0,156.0,156.0,19.0,0.0,0.0,1.0
539000.0,22.354774,0.0,539000.0,56.699999999999996,16.14945923178961,-956.097560975609,-1.405152224824357,539000.0,0.0,313.0,157.0,157.0,19.0,0.0,0.0,1.0
540000.0,22.415048,0.0,540000.0,52.2,16.026913549883172,-1738.461538461537,-1.7021276595744699,540000.0,0.0,313.0,157.0,157.0,19.0,0.0,0.0,1.0
541000.0,22.477151,0.0,541000.0,63.7,35.31959780549908,-1714.9999999999984,23.89937106918239,541000.0,0.0,313.0,157.0,157.0,19.0,0.0,0.0,1.0
542000.0,22.537693,0.0,542000.0,70.7,49.45949255950583,-1527.7777777777767,40.44715447154471,542000.0,0.0,313.0,157.0,157.0,19.0,0.0,0.0,1.0
543000.0,22.59812,0.0,543000.0,81.2,68.17874069058905,-839.999999999999,61.15702479338844,543000.0,0.0,313.0,157.0,157.0,19.0,0.0,0.0,1.0
544000.0,22.661592,0.0,544000.0,81.69999999999999,62.26119378361433,-325.58139534883696,50.93833780160857,544000.0,0.0,313.0,157.0,157.0,19.0,0.0,0.0,1.0
545000.0,22.723017,0.0,545000.0,74.9,44.75964945485918,-560.5263157894731,23.47560975609755,545000.0,0.0,313.0,157.0,157.0,19.0,0.0,0.0,1.0
546000.0,22.783633,0.0,546000.0,76.5,47.45386001708309,-571.4285714285709,26.332288401253912,546000.0,0.0,313.0,157.0,157.0,19.0,0.0,0.0,1.0
547000.0,22.845875,0.0,547000.0,77.2,56.56828494252918,-714.2857142857135,48.99328859060403,547000.0,0.0,313.0,157.0,157.0,19.0,0.0,0.0,1.0
548000.0,22.907653,0.0,548000.0,72.7,50.640319807334535,-727.2727272727266,45.070422535211264,548000.0,0.0,315.0,158.0,158.0,19.0,0.0,0.0,1.0
549000.0,22.971163,0.0,549000.0,65.7,24.610745276632404,-1705.2631578947353,-75.00000000000003,549000.0,0.0,317.0,159.0,159.0,19.0,0.0,0.0,1.0
550000.0,23.033136,0.0,550000.0,79.80000000000001,57.45648767501812,-621.4285714285706,40.935672514619895,550000.0,0.0,317.0,159.0,159.0,19.0,0.0,0.0,1.0
551000.0,23.107819,0.0,551000.0,74.3,51.82285808551161,-1017.3913043478251,48.9065606361829,551000.0,0.0,317.0,159.0,159.0,19.0,0.0,0.0,1.0
552000.0,23.174472,0.0,552000.0,75.1,53.903998133944974,-982.608695652173,46.680942184154176,552000.0,0.0,319.0,160.0,160.0,19.0,0.0,0.0,1.0
553000.0,23.237012,0.0,553000.0,86.1,73.5573036059087,-455.99999999999955,66.01466992665037,553000.0,0.0,319.0,160.0,160.0,19.0,0.0,0.0,1.0
554000.0,23.298304,0.0,554000.0,85.8,70.9484908559352,-330.30303030302997,62.133333333333326,554000.0,0.0,319.0,160.0,160.0,19.0,0.0,0.0,1.0
555000.0,23.358045,0.0,555000.0,84.2,64.13761170112558,-267.441860465116,53.25443786982247,555000.0,0.0,319.0,160.0,160.0,19.0,0.0,0.0,1.0
556000.0,23.420703,0.0,556000.0,86.1,65.15024256935476,-286.1111111111108,50.5338078291815,556000.0,0.0,321.0,161.0,161.0,19.0,0.0,0.0,1.0
557000.0,23.484752,0.0,557000.0,90.2,70.92574792030095,-249.9999999999996,55.65610859728507,557000.0,0.0,323.0,162.0,162.0,19.0,0.0,0.0,1.0
558000.0,23.545902,0.0,558000.0,89.1,69.28504604425207,-354.16666666666623,54.393305439330554,558000.0,0.0,323.0,162.0,162.0,19.0,0.0,0.0,1.0
559000.0,23.609668,0.0,559000.0,81.8,64.29328164360768,-354.9999999999997,55.7177615571776,559000.0,0.0,325.0,163.0,163.0,19.0,0.0,0.0,1.0
560000.0,23.670498,0.0,560000.0,74.7,54.86261643393261,-396.0784313725486,48.049281314168375,560000.0,0.0,325.0,163.0,163.0,19.0,0.0,0.0,1.0
561000.0,23.734972,0.0,561000.0,89.4,80.98596728510107,-111.99999999999979,76.23318385650224,561000.0,0.0,327.0,164.0,164.0,19.0,0.0,0.0,1.0
562000.0,23.796892,0.0,562000.0,84.5,71.38584799424024,-167.24137931034463,62.10268948655256,562000.0,0.0,327.0,164.0,164.0,19.0,0.0,0.0,1.0
563000.0,23.866729,0.0,563000.0,87.2,76.39626249568956,-228.20512820512792,67.0103092783505,563000.0,0.0,329.0,165.0,165.0,19.0,0.0,0.0,1.0
564000.0,23.940622,0.0,564000.0,86.6,74.91139415884832,-306.0606060606057,63.68563685636857,564000.0,0.0,329.0,165.0,165.0,19.0,0.0,0.0,1.0
565000.0,24.007505,0.0,565000.0,88.7,73.45062050363939,-156.81818181818156,57.518796992481214,565000.0,0.0,329.0,165.0,165.0,19.0,0.0,0.0,1.0
566000.0,24.07591,0.0,566000.0,77.5,31.101849838778335,-378.7234042553187,-174.39024390243912,566000.0,0.0,331.0,166.0,166.0,19.0,0.0,0.0,1.0
567000.0,24.147733,0.0,567000.0,83.3,55.01356327598236,-339.473684210526,-6.369426751592361,567000.0,0.0,331.0,166.0,166.0,19.0,0.0,0.0,1.0
568000.0,24.21626,0.0,568000.0,79.5,55.87564249369345,-327.08333333333286,26.785714285714306,568000.0,0.0,335.0,168.0,168.0,19.0,0.0,0.0,1.0
569000.0,24.282396,0.0,569000.0,85.3,62.56512903570828,-182.69230769230748,36.08695652173912,569000.0,0.0,335.0,168.0,168.0,19.0,0.0,0.0,1.0
570000.0,24.348323,0.0,570000.0,91.2,72.90056354509902,-54.38596491228051,48.53801169590646,570000.0,0.0,337.0,169.0,169.0,19.0,0.0,0.0,1.0
571000.0,24.409899,0.0,571000.0,91.10000000000001,78.45745710855506,-32.835820895522446,64.96062992125987,571000.0,0.0,337.0,169.0,169.0,19.0,0.0,0.0,1.0
572000.0,24.47571,0.0,572000.0,86.5,71.90368165830714,-58.82352941176479,63.41463414634146,572000.0,0.0,337.0,169.0,169.0,19.0,0.0,0.0,1.0
573000.0,24.542429,0.0,573000.0,67.4,42.45813211330454,-243.15789473684214,40.07352941176471,573000.0,0.0,337.0,169.0,169.0,19.0,0.0,0.0,1.0
574000.0,24.607596,0.0,574000.0,79.9,51.7384946732264,-195.5882352941178,12.987012987013,574000.0,0.0,337.0,169.0,169.0,19.0,0.0,0.0,1.0
575000.0,24.670282,0.0,575000.0,82.5,54.64300154472976,-224.07407407407388,25.21367521367519,575000.0,0.0,337.0,169.0,169.0,19.0,0.0,0.0,1.0
576000.0,24.73219,0.0,576000.0,82.3,66.48990247993652,-168.18181818181844,54.96183206106869,576000.0,0.0,337.0,169.0,169.0,19.0,0.0,0.0,1.0
577000.0,24.793393,0.0,577000.0,79.60000000000001,65.35367276543927,-179.45205479452068,52.22482435597191,577000.0,0.0,337.0,169.0,169.0,19.0,0.0,0.0,1.0
578000.0,24.854591,0.0,578000.0,92.4,70.68398882905682,-58.3333333333331,43.283582089552276,578000.0,0.0,337.0,169.0,169.0,19.0,0.0,0.0,1.0
579000.0,24.915265,0.0,579000.0,77.10000000000001,38.00825112884538,-420.454545454545,-70.89552238805967,579000.0,0.0,337.0,169.0,169.0,19.0,0.0,0.0,1.0
580000.0,24.979865,0.0,580000.0,55.7,29.295573232548943,-1065.7894736842093,-97.76785714285714,580000.0,0.0,339.0,170.0,170.0,19.0,0.0,0.0,1.0
581000.0,25.042986,0.0,581000.0,95.39999999999999,81.32813768468907,-130.0,65.15151515151513,581000.0,0.0,339.0,170.0,170.0,19.0,0.0,0.0,1.0
581012.0,25.089337,0.0,581012.0,95.39999999999999,81.32813768468907,-130.0,65.15151515151513,581012.0,0.0,339.0,170.0,170.0,19.0,0.0,0.0,1.0
